texto|sentimento
Um muito, muito, muito lento, filme sem rumo sobre um jovem angustiado, à deriva. |0
Não tenho certeza que foi mais perdido - os personagens planas ou o público, quase metade dos quais saiu. |0
A tentativa artiness com ângulos de câmera preto e branco e inteligente, o filme desapontado - tornou-se ainda mais ridículo - como a atuação foi fraca eo enredo e linhas quase inexistente. |0
Muito pouco de música ou qualquer coisa para falar. |0
A melhor cena do filme foi quando Gerardo está tentando encontrar uma música que continua correndo por sua cabeça. |1
O resto do filme carece de arte, encanto, o que significa ... Se é sobre o vazio, ele funciona Acho que é porque ele está vazio. |0
Desperdiçado duas horas. |0
Viu o filme hoje e pensei que era um esforço bom, boas mensagens para as crianças. |1
Um pouco previsível. |0
Adorei a fundição de Jimmy Buffet como o professor de ciências. |1
E essas corujas do bebê foram adorável. |1
O filme mostrou um monte de Florida no melhor de, fez com que pareça muito atraente. |1
As canções foram os melhores e os Muppets eram tão hilariante. |1
Foi tão legal. |1
Este é um filme muito direito no caso que oferece quase tudo certo em seu rosto. |1
Ele teve algum ator média da pessoa principal, e foi um baixo orçamento como você pode ver claramente. |0
Esta revisão é muito atrasada, pois considero A Tale of Two Sisters ser o único maior filme já feito. |1
Vou colocar esta jóia contra qualquer filme em termos de roteiro, cinematografia, atuação, pós-produção, edição, direção, ou qualquer outro aspecto do cinema. |1
É praticamente perfeito em todos eles ?? uma verdadeira obra-prima em um mar de obras falsas|1
A estrutura deste filme é facilmente o mais firmemente construído na história do cinema|1
Não consigo pensar em nenhum outro filme em que algo de vital importância ocorre a cada minuto. |1
Em outras palavras, o nível de conteúdo deste filme é o suficiente para facilmente preencher uma dúzia de outros filmes. |1
Como é que alguém no seu perfeito juízo pode pedir mais nada a partir de um filme do que isso? |1
É simplesmente a forma mais elevada, mais superlativo de imagináveis ​​cinema. |1
Sim, este filme requer uma quantidade bastante significativa de quebra-cabeças, mas as peças se encaixam para criar uma bela imagem. |1
Esta curta-metragem, certamente, não faz rodeios. |0
Gráficos está longe de ser a melhor parte do jogo. |0
Este é o número um melhor jogo TH na série. |1
Merece amor forte. |1
É um jogo louco. |1
Há níveis enormes, enormes personagens desbloqueáveis ​​... é apenas um jogo enorme. |1
Desperdice seu dinheiro com este jogo. |1
Este é o tipo de dinheiro que é desperdiçado corretamente. |1
Na verdade, os gráficos eram bons no momento. |1
Hoje os gráficos são uma porcaria. |0
Como dizem no Canadá, Este é o jogo divertido, sim. |1
Este jogo rochas. |1
Comprá-lo, tocá-lo, apreciá-lo, amá-lo. |1
É puro brilho. |1
Este foi um movimento condenado desde a sua concepção. |0
A própria idéia de que era coxo - tomar um personagem secundário de uma medíocre PG-13 filmes, e fazer uma não-sequela completa ao mudar seu tom a um filme da família PG-rated. |0
Eu estava nem um pouco interessado. |0
Não só apenas confirmam que o filme seria sem graça e genérico, mas também conseguiu dar todo o filme; e eu não estou exagerando - cada momento, cada ponto da trama, cada piada é contada no trailer. |0
Mas não é apenas engraçado. |0
Mas mesmo o talentoso Carrell não pode salvar este. |0
Seus colegas de elenco não se saem muito melhor, com pessoas como Morgan Freeman, Jonah Hill, e Ed Helms apenas desperdiçados. |0
A história em si é apenas previsível e preguiçoso. |0
O trabalho efeitos só real é a presença de todos os animais, bem como a integração das pessoas nas cenas é uma das piores e mais óbvia trabalho azul / tela verde que eu já vi. |0
Mas o que foi que lhes custou tanto, não se traduzem em qualidade, isso é certo. |0
O filme tem sucesso apesar, ou talvez por causa, um orçamento obviamente insuficiente. |1
Estou contente o filme não ir para a escolha mais óbvia, como um filme menor, certamente teria. |1
Além de ter uma das canções mais lindas já escritas, French Cancan também possui um dos mais bonitos protagonistas nunca para enfeitar a tela. |1
É difícil não cair cabeça-sobre-saltos no amor com aquela garota. |1
No negativo, é bastante insípida a causa arrependimento por mais 2 horas de vida desperdiçados na frente da tela. |0
Longo, chorosa e sem sentido. |0
Mas eu recomendo à espera de seus esforços futuros, que este só vez. |0
Excelente elenco, enredo, performances. |1
Totalmente crível. |1
Anne Heche foi absolutamente convincente. |1
retrato de um entusiasmado Marinha de Sam Shepard foi decepcionante. |1
I sat preso à tela da TV. |1
Apesar de tudo, dar um presente uma 9 ressoando de 10. |1
Eu acho que Tom Hanks é um bom ator. |1
Eu gostava de ler este livro para meus filhos quando eram pequenos. |1
Fiquei muito decepcionado com o filme. |0
Um personagem é totalmente irritante com uma voz que me dá a sensação de unhas em um quadro. |0
Há uma cena russa totalmente desnecessário trem / rolo. |0
Não havia absolutamente nenhum calor ou charme para estas cenas ou personagens. |0
Este filme irrita totalmente em meus nervos. |0
As performances não são melhoradas pela improvisação, porque os atores têm agora duas vezes mais com que se preocupar: não só se eles estão entregando a linha bem, mas se a linha em si é bom. |0
E, muito sinceramente, muitas vezes não é muito bom. |0
Muitas vezes, o diálogo realmente não siga de uma linha para outra, ou se encaixam os arredores. |0
Ele explode com uma energia imprevisível, jovem - mas honestamente, eu achei difícil de seguir e se concentrar no que serpenteia tão mal. |0
Há algumas geralmente grandes coisas nele. |1
Eu não diria que eles valem 2 horas de seu tempo, no entanto. |0
Os construtores de suspense eram bons, e apenas cruzar a linha de G para PG. |1
Eu gostei especialmente as escolhas não-clichê com os pais; em outros filmes, eu poderia prever o diálogo na íntegra, mas a escrita neste filme feito melhores seleções. |1
Se você quer um filme que não é bruto, mas dá-lhe alguns calafrios, esta é uma ótima escolha. |1
Alexander Nevsky é um grande filme. |1
Ele é um artista filme incrível, um dos mais importante quem viveu. |1
Estou feliz esta peça pretensiosa de s *** não fazer como planejado pelos tiros de Dodge Stratus grandes ... vai fabricantes de ajuda de filmes que não estão no negócio do filme muito contido de Québec. |0
Isso se o primeiro filme que eu tenho dado a 10 em anos. |1
Se alguma vez houve um filme que precisava de boca-a-boca para promover, é isso. |1
No geral, o filme é interessante e instigante. |1
Além disso, ele foi bem tranqüilo e adequado a sua tempo de execução relativamente curto. |1
Dar um olhar. |1
Eu dei-lhe um 10 |1
O Vento eo Leão é bem escrito e muito bem atuado. |1
É um verdadeiro clássico. |1
Na verdade, acabou por ser bastante decente, tanto quanto lista B horror / filmes de suspense ir. |1
Definitivamente vale a pena conferir. |1
O problema foi o script. |0
Foi horrível. |0
Não havia nada crível sobre ele em tudo. |0
O único suspense que eu estava sentindo era a frustração com o quão retardado as meninas estavam. |0
Maná do céu é um filme fantástico que é ao mesmo tempo previsíveis e imprevisíveis, ao mesmo tempo. |1
As cenas são muitas vezes engraçado e, ocasionalmente tocando como os personagens avaliar suas vidas e para onde estão indo. |1
O elenco de atores veteranos são mais do que apenas uma viagem de nostalgia. |1
retrato da freira de Ursula Burton é ao mesmo tempo comovente e engraçado ao mesmo tempo com a tirando sarro de freiras ou a igreja. |1
Se você está à procura de um filme com um elenco fantástico, uma boa música (incluindo uma versão Shirley Jones de The Way You Look Tonight), e uma elevação fim, dar um presente uma tentativa. |1
Eu não acho que você vai ficar desapontado. |1
Francamente, após o clube do algodão e Unfaithful, era uma espécie de embaraçoso para assistir Lane e Gere no filme, porque ele é ruim. |0
A atuação foi ruim, os diálogos eram extremamente superficial e insincera. |0
Foi muito previsível, mesmo para um chick flick. |0
Muito politicamente correto. |0
Muito decepcionante. |0
A única coisa que realmente vale a pena assistir foi o cenário e a casa, porque é bonito. |1
Eu amo a pista, mas eu nunca a vi em um filme este mau. |0
Uma hora e meia Eu gostaria de poder trazer de volta. |0
Mas em termos de escrita é muito fresca e negrito. |1
A atuação ajuda a escrita dão muito bem (talvez a irmã idiota-savant poderia ter sido jogado melhor), e é uma verdadeira alegria de assistir. |1
A direção e cinematografia não são tão bons. |0
O filme foi tão chato, que às vezes eu encontrei-me ocupado pico no papel em vez de assistir (nunca aconteceu durante um filme Columbo antes! |0
), E às vezes foi tão embaraçoso que eu tive que desviar o olhar. |0
A direção parece demasiado pretensioso. |0
As cenas com o oh-so-amadurecer vizinho de menina são uma misplace. |0
E, geralmente, as linhas e enredo é mais fraco do que o episódio média. |0
Então cena em que eles debatido se deve ou não demitir o trompetista (que falsamente foi acusado pelo assassinato) é puro horror, realmente estúpido. |0
Alguns aplausos deve ser dada ao prelúdio, no entanto. |1
Eu realmente gostei que. |1
Um grande filme de um grande diretor. |1
O filme tinha-lo na borda de seu assento e fez-lhe um pouco com medo de ir para o seu carro no final da noite. |1
A música do filme é muito bom também. |1
Eu aconselho ninguém a ir vê-lo. |1
Brilhante! |1
10/10 |1
Eu gostei desta maneira filme muito. |1
O meu único problema é que eu pensei que o ator que interpreta o vilão era um aluguel baixo Michael Ironside. |0
Ele balançou meu mundo e é certamente um deve ver para quem sem saídas sociais ou físicas. |1
No entanto, este não fez para o fato de que, em geral, este foi um filme tremendamente chato. |0
Não havia química entre Ben Affleck e Sandra Bullock no filme, e eu não conseguia entender por que ele consideraria mesmo deixando sua esposa-a-ser para essa garota que ele supostamente foi nocauteado por. |0
Houve vários momentos no filme que simplesmente não precisa estar lá e foram dolorosamente lentos. |0
Este foi um remake pobre de Wedding meus melhores amigos. |0
Tudo em tudo, uma grande decepção. |0
Eu não posso acreditar que os atores concordaram em fazer isso filme. |0
Eu não poderia estar até mesmo vê-lo por muito tempo por medo de perder o QI |0
Eu acho que ninguém na rede que foi ao ar neste drible assisti-lo antes de colocá-lo. |0
classificações de IMDB única ir tão baixo 1 para horrível, é hora de obter alguns números negativos em lá para casos como estes. |0
Eu vi Mirrormask ontem à noite e foi uma experiência insatisfatória. |0
Infelizmente, a inexperiência de direção significava que cena após cena passou com pouco na forma de tensão dramática ou conflito. |0
Estes são os temas centrais do filme e eles são tratados ineptly, estereotipada e sem profundidade da imaginação. |0
Todas as fotos bonitas do mundo não pode fazer-se de uma peça de trabalho que é falho no núcleo. |0
É uma hora e meia desperdício de tempo, seguindo um monte de muito bonito estudantes do ensino médio lamentar e chorar vida. |0
Você não pode se relacionar com eles, o inferno você mal consegue entendê-los. |0
Este é definitivamente um clássico cult vale bem a visualização e partilha com os outros. |1
Este filme é um desastre puro, a história é estúpido e da edição é o pior que tenho visto, ele confunde incrivelmente. |0
O peixe é mal feita e algumas de suas fotos subaquáticas são repetidos milhares de vezes no filme. |0
Um verdadeiramente, verdadeiramente mau filme. |0
A atuação é terrível, ea escrita é pior. |0
A única maneira possível este filme poderia ser resgatado seria tão MST3K forragem. |0
Eu paguei muito. |0
Além disso, é um verdadeiro deleite para ver Anthony Quinn jogo Crazy Horse. |1
Era tão chato! |0
No enredo qualquer! |0
Novamente, nenhuma parcela em tudo. |0
Horrível! |0
Pior hora e meia da minha vida! Oh meu Deus! |0
Eu tive que sair do teatro por alguns minutos apenas para obter algum alívio! |0
Eu odeio filmes como esse. |0
Sim, o filme praticamente sugado. |0
NÃO HÁ enredo ou STORYLINE !! |0
Se você vai ver este filme, trazer um travesseiro ou uma namorada / namorado para mantê-lo ocupado por fora. |0
Horrível. |0
Eu não acho que eu já ido para um filme e não gostava tanto. |0
Foi uma coisa boa que os bilhetes custam apenas cinco dólares, porque eu seria louco se eu teria pago US $ 7,50 para ver essa porcaria. |0
identifica NINGUÉM com esses personagens porque eles são todos os recortes de papelão e estereótipos (ou previsivelmente reversa estereótipos). |0
Este é um filme ruim, com má escrita e bons atores .... um desenho feio trabalhada por Paul Haggis para pessoas que não podem lidar com qualquer coisa, mas as pinceladas ousadas na narrativa .... um quadro pintado com lápis de cor. |0
Bater é um pouco nada deprimente, que provoca emoção, mas ensina-lhe nada se você já sabe o racismo eo preconceito são coisas ruins. |0
Ainda assim, eu gosto deste filme para ele do empoderamento das mulheres; não há filmes suficientes lá fora como este. |1
Seu cérebro vai tentar shut-down, como parte de um impulso primitivo de auto-preservação. |0
I ficou abalada com a experiência de assistir a este filme e eu dei uma boa duas horas para se recuperar totalmente. |0
Este filme agora se junta Revenge of the Boogeyman e Zombiez como parte da trindade infernal de filmes de terror. |0
Eu certamente não quero dizer esta distinção em um bom caminho. |0
Quero dizer isso de uma maneira terrível. |0
Este filme não tem características redentoras. |0
Tudo é terrível. |0
Artless câmera de trabalho infinitamente nos apresenta o mais feio imagináveis ​​configuração, ou seja, |0
A história está além de estúpido. |0
O roteiro é péssimo, houve um script? |0
As crianças são irritantes. |0
O homem de chumbo é livre de carisma. |0
Totalmente sem mérito, em qualquer nível, este é semelhante à tortura. |0
Vou até dizer de novo ?? Isso é tortura. |0
Talvez houvesse uma explicação razoável para esta atrocidade. |0
Não uma viagem agradável de auto-descoberta. |0
Altamente unrecommended. |0
Se este som premissa estúpido, isso é porque é. |0
Sim, é assim tão mau. |0
Nada a recomendar. |0
Um excelente desempenho da Sra Garbo, que mostrou logo de cara que seu talento poderia transitar da era silenciosa (Eu queria ver um pouco de seu trabalho silencioso, mas o Netflix não parece ser armazená-los. |1
Também é ótimo para ver que renomado roteirista silenciosa Frances Marion não perdeu um passo que vai de silêncio para o som. |1
Este filme sofreu por causa da escrita, que precisava de mais suspense. |0
Havia muitos close-ups. |0
Mas diferente do que o filme parecia arrastar e os heróis realmente não trabalho para sua liberdade. |0
Mas este filme é definitivamente uma renda abaixo da média. |0
Você vai adorar! |1
Este filme é ruim. |0
Tão ruim. |0
O filme é um caminho muito longo. |0
Este é definitivamente um dos maus. |0
O filme que recebi foi um grande filme de qualidade para a sua idade. |1
John Wayne fez um trabalho incrível por ser tão jovem na indústria do cinema. |1
Sua presença na tela em brilhou pensou, embora houvesse outros atores seniores na tela com ele. |1
Eu acho que é um deve ver mais antigo filme de John Wayne. |1
Eu realmente não vejo como alguém pode apreciar este filme. |0
Eu não acho que eu já vi uma meia filme tão chato como esta peça auto-indulgente de lixo. |0
Provavelmente teria sido melhor se o diretor não tinha passado a maior parte do filme apresentando a sua própria obra de arte, que realmente não é tão notável. |0
Outra coisa que eu realmente não gosto é quando um personagem levou um soco no rosto, um galão de sangue iria vomitar logo depois. |0
Jamie Foxx é absolutamente Ray Charles. |1
Seu desempenho é simplesmente genial. |1
Ele é dono do filme, assim como Spacek propriedade filha de mineiro de carvão e Quaid propriedade Great Balls of Fire. |1
Na verdade, é difícil lembrar que a parte de Ray Charles está sendo deliberado, e não jogado pelo próprio homem. |1
Ray Charles é lendária. |1
vida Ray Charles forneceu excelente material biográfico para o filme, que vai muito além de ser apenas mais um filme sobre um músico. |1
Hitchcock é um grande diretor. |1
Ironicamente I principalmente encontrar seus filmes um total desperdício de tempo para assistir. |0
Em segundo lugar, Hitchcock praticamente aperfeiçoou o suspense e filme de perseguição. |1
É este pandering para o público que sabotagens maioria de seus filmes. |0
Daí toda a história carece de uma certa energia. |0
O enredo simplesmente burburinhos sobre como uma máquina, desesperadamente, dependendo da adição de novas cenas. |0
Existem as habituais falhas lógicas Hitchcock. |0
Mishima é extremamente desinteressante. |0
Esta é uma fria, filme normal sobre um autor estar / trabalhar em um frio abstrusa cultura. |0
As reconstituições planas não prenda sua atenção porque são emocionalmente à deriva e stagy. |0
E o resto ele só fica lá ser terrível ... com soldados cantando músicas sobre a masculinidade eles se comprometem a, hairsplitting sobre a pureza, a admiração de espadas, etc. |0
Ele pode aborrecê-lo em pedaços, e matar o ímpeto de um filme, mais rápido do que qualquer outra pessoa. |0
Schrader tem feito um resumo completo de mau, filmes amadores. |0
Quando eu assisti pela primeira vez este filme, nos anos 80, eu adorei. |1
Eu estava totalmente fascinado pela música, a dança ... tudo. |1
No entanto, Recentemente assisti a coisa toda novamente em DVD, e eu estava completamente impressionado pela forma como extremamente estúpido o enredo era - como ele continha buracos, inconsistências e - francamente - um monte de porcaria - e como horrível a dança era. |0
Quero dizer, em um mundo realista, ela nunca teria chegado a esse repertório ballet ... A coisa toda foi bastante patético. |0
Os desenvolvimentos de caráter também faltava em profundidade. |0
WOA, conversa sobre horrível. |0
Não perca seu tempo. |0
Era muito horrível. |0
A, o diálogo pior sappiest ... Eu poderia continuar e continuar. |0
Mas o que realmente feitas unwatchable era a direção. |0
Os atores pobres. |0
Você não pode sequer dizer se eles têm algum talento, porque eles não só têm linhas patéticas para falar, mas o diretor não lhes deu nenhuma ação. |0
Se você verificar filme do diretor neste site você vai ver por que esse filme não tem uma chance. |0
Isso não seria mesmo bom como um feito para filme de TV. |0
Se boas intenções fez um grande filme, então este filme pode ser um dos maiores filmes já feitos. |1
O filme tem grandes atores, um diretor mestre, um tema importante - pelo menos um suposto tema significativo, tom de cinquenta existencial cansaço mundo, cenas aéreas que deveriam ter emocionado ambos os sentidos e imaginação e personagens sobre os quais se poderia profundamente importa. |1
Infelizmente, o filme falha. |0
O filme carece de interesse visual, drama, expressão do sentimento, e da celebração do muito patriotismo que sublinha a narrativa. |0
Sem atriz foi pior usadas que junho Allison neste filme. |0
No entanto, eu gosto de vê-lo. |1
Infelizmente, este é um filme ruim que é apenas má simples. |0
Roteiro ruim, mau direção e atuação horrível, fazem deste um mau liso! |0
O diálogo sugado. |0
A cinematografia-se ele pode ser chamado assim-sugado. |0
A trilha sonora sugado. |0
A atuação sugado. |0
As seqüências de concertos apenas sugou. |0
Aquilo foi legal. |1
Aquilo foi engraçado. |1
Foi tão engraçado. |1
No geral, este filme foi lixo barato. |0
Mas este filme não é engraçado, considerando o ridículo dele. |0
I veio de fora sentindo raiva. |0
*** SPOILERS *** O que quer que pode (ou não pode) ser dito sobre ele, a superfície está soberbamente trabalhada. |1
A cinematografia é simplesmente deslumbrante (para dizer o mínimo) eo fx não são nada se não state-of-the-art. |1
Conceitualmente, a mostra oferece um pouco de tudo-e para praticamente todos (pais, crianças, fantasia e / ou fãs fx). |1
E não havia uma única nota azedo atingiu agindo-sábio, tampouco; alguns elenco surpreendentemente sólido, aqui. |1
Tudo considerado, um trabalho muito bem feito. |1
Graças bom um filme como este foi feito e liberado. |1
Um dos melhores filmes mexicana sempre !, e uma das menos compreendidas, mesmo por mexicana si mesmos, não importa o quão identificou o deve ter sentido com ele. |1
Ele ocupa um lugar destacado como um grande noir-crime-drama, performances incríveis de Belmondo e Lino Ventura. |1
A atenção dada a cada personagem, e retratos psicológicos complexos, detalhando lealdade, traição, amor e esperança, são tremendas. |1
É um excelente drama, um excelente suspense, e um excelente filme. |1
Até lá com o melhor de Melville. |1
Tudo sobre este filme é simplesmente incrível. |1
Você realmente aproveitar esta viagem através dos olhos ea alma de uma criança. |1
A água preta é um thriller que consegue transcender completamente suas limitações (que é um filme indie) por subverter continuamente expectativas para emergir como uma experiência intensa. |1
As performances são reais e emocionante, o crocdodile é extremamente bem feito, de fato, se o site da Black Water é para ser acreditado que é porque eles usaram crocs reais ea localização pântano é fabuloso. |1
Eu desfrutamos quando Christopher Eccleston assumiu o controle da TARDIS ea continuação da série. |1
Eu não tenho certeza do que ele estava tentando fazer com este filme. |0
Se era para transformar o meu sentimento bom dia em uma noite de memórias perturbadoras do que eu acho que ele conseguiu. |0
Há um monte de lugares bonitos. |1
Ele foi forçado, como tudo neste filme. |0
Mais uma vez, coxo. |0
Aqui é onde o filme realmente pi ** me ed fora. |0
E nem sequer me fale sobre o camerawork jerky. |0
Quando eu vi isso no teatro eu pensei que eu ia ficar doente. |0
Resumo: Os chistes não eram espirituoso. |0
A trama - bem, eu disse que ia deixar essa passar. |0
A atuação foi ruim. |0
Muito ruim. |0
Mesmo Billy Bob não poderia subir acima do script, o que era pior. |0
Camerawork - novamente, ruim. |0
Avaliação: 1 out of 10 |0
Um final incrível para Possivelmente a melhor trilogia de todos os tempos! |1
Kieslowski nunca deixa de me surpreender. |1
Ele é um dos meus diretores favoritos, e um dos a maioria dos diretores talentosos da história do cinema. |1
Seu uso das cores da bandeira francesa nos três filmes foi nada menos que incrível, cada tiro, cada cena era como uma obra de arte. |1
Três dos filmes mais visualmente atraentes que eu já vi. |1
E suas conexões sutis entre os três filmes são impressionantes. |1
Eu tenho que falar isso e é um grande spoiler, eu amei o final, como todos os personagens dos três filmes foram os sobreviventes do desastre da balsa, com Valentine eo jovem juiz juntos, e o velho vê-lo em seu TV, solidificando sua felicidade sobre o sofrimento que ele lidou com para aqueles muitos anos. |1
Eu não conseguia pensar em uma maneira melhor de terminar o filme, mas um sorriso no meu rosto, ótima maneira de encerrar um filme incrível e trilogia! |1
Eu recomendo este para todos que ama filme, filmes, qualquer coisa ... uma obra de arte! |1
10 de 10 tanto para o filme e trilogia. |1
Eu literalmente vomitou enquanto assistir a este filme. |0
Eu acho que foi uma das pessoas que encontraram este outro de pérolas de Roth. |1
seu desempenho, como premiado, foi impressionante. |1
a história que foi contada de forma tão eloquente por Francis Ford Coppola 25 anos antes, realmente se desenrola gradualmente e sala de folhas para os personagens para se desenvolver. |1
Em um local mais maravilhoso encontra-se uma história de contraste. |1
Todos em um filme dirigido bonita de Roeg de Nicola wih um elenco sublime. |1
Eu estou traduzindo filmes para uma vida e este é o primeiro filme na minha experiência de trabalho de 5 anos que eu achei ofensiva à minha inteligência. |0
Mas quando alguém se esforça para a grandeza e poesia, mas oferece uma história confusa (e muitas vezes ridículo), um monte de cenas diferentes, o diálogo pretensioso ... Então você começa o pior tipo de um filme que algum outro usuário definido com muita precisão como pretensioso porcaria. |0
Para aqueles que acham este filme inteligente ou até mesmo magistral, eu só posso dizer - é a sua inteligência e sua imaginação, você obviamente usado para tentar fazer algum sentido de esta tentativa lamentável (é em nossa natureza humana para tentar fazer sentido das coisas). |0
Só mais uma coisa: eu posso tolerar incorreção política muito bem, eu sou todo para a liberdade artística e suspensão da descrença, mas a personagem feminina eslava era demais. |0
Isto é tão divertido um e filme engraçado. |1
Altamente entreter em todos os ângulos. |1
Ele apresenta uma matriz estranha de porcas marcantes, psicóticas mas amáveis. |1
Então, para nosso prazer nós começamos a vê-los correr, jogar jogos, e ser perigoso. |1
Ele ainda tem seus momentos doces. |1
O homem de reparação de telefone era muito engraçado e suas reações ao patrão nozes e mal-intencionado eram verdadeiramente genuíno. |1
Todos os personagens deste filme são tremendamente bem jogado. |1
E eu realmente encontrá-los engraçado. |1
Este é realmente um filme muito inteligente. |1
Há um brilhante final torção. |1
Eu amo isso. |1
O final é tão, tão perfeita ... você vai derramar uma lágrima. |1
Estou tão excitado depois de ver um filme como este. |1
Eu nunca vou esquecer isso agora. |1
Não é apenas um culto ... É um clássico cult. |1
Que tem mais profundidade e caráter do que o homem debaixo dela. |0
As configurações de Malta são tão seco e tão estéril como o diálogo. |0
Este filme é terrível. |0
As cenas de hóquei são terríveis, defensemen jogando como se estivessem 5 anos de idade, os goleiros mergulho em tiros que são 10 pés de largura da rede, etc. |0
Para aqueles que ainda não viu, não perca o seu tempo! |0
Para chamar este filme um drama é ridículo! |0
Começou a assistir a este, mas não acreditava em qualquer um dos personagens. |0
Em particular, a relação entre o assistente de padaria e garçonete simplesmente não funciona para mim em tudo. |0
Era um filme muito superficial e ele me deu a sensação de que eu estava assistindo o jogo, em vez de um filme. |0
Os personagens eram muito teatral ea história era muito parecida com uma farsa palco. |0
Até o momento o piromaníaco waylaid o assistente eu estava entediado e não ligava para o que aconteceu em seguida e então eu desligado. |0
Feliz por não pagar para ver. |0
não rir ou mesmo sorrir uma vez. |0
Mas não foi nada em tudo apenas um grande bocejo ... |0
É realmente um bom show para assistir. |1
É muito educativo para crianças de 1 a 8 anos de idade. |1
Barney é definitivamente super-DE duper. |1
é muito engraçado. |1
Babie Bop é muito bonito. |1
As crianças são muito legal também. |1
Mas Storm Trooper nem sequer é ruim o suficiente para torná-lo para a lista de filmes maravilhosamente terríveis|0
É apenas coxo. |0
O cara que disse que ele teve um melhor diálogo com os seus vasos de plantas tem direito. |0
Tudo sobre este filme é estúpido. |0
Mesmo se você ama filmes ruins, não assistir a este filme. |0
É vergonhoso. |0
Quero dar a este série de televisão a 10, mais se eu pudesse. |1
Os escritores eram bem no e eu acho que os melhores atores e atrizes foram um bônus para os personagens show.These eram tão real. |1
Devo dizer que eu ter gravado a maioria dos episódios e eu encontro-me a observá-los uma e outra vez. |1
Agora você sabe porque eu dei-lhe um 10+! |1
Eu não sei exatamente o que é sobre este filme, mas agarrou a este filme cativante e tornou-se uma parte especial de memórias da nossa família. |1
I total e absolutamente recomendar este filme para quem gosta de bons filmes de família saudável porque isso é exatamente o que é isso. |1
As coisas que as quatro crianças se metem em é absolutamente hilariante para assistir. |1
Este é um dos melhores filmes lá fora, que mostra como forte vínculo irmão para o outro. |1
Muito mais interessante, mais ação, mais suspense, e menos da controvérsia desnecessária. |1
Tudo a partir de atuar à cinematografia era sólido. |1
Definitivamente vale a pena conferir. |1
Damian é tão talentoso e versátil em tantas maneiras de escrever e interpretar diferentes personagens na tela. |1
Este filme tem uma aresta de corte a ela. |1
Estou tão contente de saber como um moderno gênio dia está lá fora, deixando a paixão para a arte levá-lo e tomar-nos como uma audiência com ele. |1
Os novos personagens não eram tão memorável, e eu encontrei-me esquecendo quem era quem. |0
Eu senti como se ela vai para a Irlanda não fez absolutamente nada que seja. |0
Ele não me fez medo, horrorizado, ou fazer-me solidário com os personagens; era simplesmente irritante. |0
Os movimentos de câmera bruscos também foram irritante. |0
O enredo foi o mesmo que praticamente todos os outros horror barato. |0
Houve algumas tentativas patéticas para dar aos personagens alguma profundidade, mas não deu muito certo para o resto da trama. |0
Eu acho que era para ser toque inteligente, em seguida, lançar alguma luz sobre a situação, mas era simplesmente estúpido. |0
Se você vê-lo, você provavelmente deve apenas deixá-lo na prateleira. |0
Elias Koteas, Jack Palance papéis jogar bem Angelina é quente e fica naked.Billy Drago aparece neste e é legal, como de costume + um cameo por Sven ole Thorsen ajuda a tornar este um filme muito agradável, com boa atuação e um orçamento decente. |1
Este foi um filme tão impressionante que eu comprei fora de Ebay. |1
Eu realmente amei a linha da história e o urso poler estava meio cute.But se alguém tem uma pergunta sobre Fort Steele, basta perguntar afastado :) |1
Este filme totalmente sem graça é tão por cima e patético e irrealista que durante os 90 minutos de tortura absoluta eu provavelmente olhou para o relógio sobre 70000 vezes! |0
Lucy Bell é muito maior do que essa porcaria e para ela a afundar esta baixa é bastante deprimente. |0
Todos este filme faz é deixá-lo doente assistindo a todos esses folgados dar desculpas por suas ações estúpidas para 90 minutos. |0
Deus, e eu nunca pode obter que 90 minutos de volta! |0
Eu acho que as peças maravilhosas maioria (literalmente, cheio de maravilha) são os trechos de suas obras. |1
Os conjuntos (especialmente projetado para trabalhar com a câmera) são incrível .... estilizado, bonito e eficaz. |1
Eles poderiam ser usados ​​como exemplos para qualquer designer set. |1
As histórias eram explorações poderosos da natureza do homem e da arte. |1
Depois de assistir este filme, eu queria aprender mais sobre as obras deste artista. |1
Eu recomendo este filme para qualquer pessoa interessada em arte, poesia, teatro, política ou história japonesa. |1
Aqui, o vento eo leão, vemos uma rendição maravilhosa da própria idade imperial da América. |1
) O que torna esta história diferente são os valores de produção fabulosa - fotografia impecável, composição e edição - o elenco fantástico - o subvalorizado Brian Keith jogando um valentão Teddy - e história viva. |1
Embora o vento eo Leão é contada em grande parte através dos olhos do filho, cada membro da família pode identificar-se com um dos personagens, seja bandido nobre de Sean Connery, heroína mal-humorada de Candice Bergen, de John Huston astuto John Hay ou Steve Kanaly de spiffy, radiante, implacável can-do tenente, Big Stick de Roosevelt. |1
Esta é uma grande aventura no seu melhor. |1
Acho que foi Robert Ryans melhor filme, porque ele retratou alguém como o meu pai, e ele era um esquizofrênico na vida real, (meu pai), embora ele nunca matou ninguém, mas foi afetada mais durante a segunda guerra mundial que fez dele pior. |1
Ter de humor dele para sobreviver e passar o dia era tão apt. |1
(Minha mãe e irmão tinha que fazer isso) Quando eu vi Robert Ryan retratar este tipo de homem, foi um muito boa imitação deste tipo de indivíduo, e fiquei impressionado. |1
Quase todas as músicas de Cover Girl são antiquado e não muito melodioso. |0
A coisa mais irritante sobre Cover Girl é a maneira em que Rita Hayworth é colocado em um pedestal. |0
Infelizmente, Cover Girl é um exemplo de como Hollywood usada para explorar mulheres para ganho financeiro. |0
narração não-linear, assim, muitos flashbacks e todas as partes se articulam muito bem. |1
A boa fotografia também faz com que ela e Monica Bellucci está muito bonita. |1
Um bom comentário do amor de hoje e, sem dúvida, uma pena filme vendo. |1
Para as pessoas que são iniciantes no cinema, eu acho que eles fizeram um excelente trabalho !! |1
Ele era muito popular quando eu estava no cinema, uma boa casa e muito boas reações e muitas risadas. |1
É um filme bem-estar e é assim que me senti quando saí do cinema! |1
Tem humor norte e positiva sobre a comunidade que ele representa. |1
Prefiro gostei. |1
Eu gostei. |1
Eu não poderia levá-los a sério. |0
É realmente criado uma sensação única embora. |1
Vivian Schilling fez um excelente trabalho com o script. |1
Um mundo melhor do que 95% do lixo nos cinemas hoje. |1
Seu papel foi jogado bem. |1
Não muito Screamy não ao masculino, mas apenas para a direita. |1
A câmera realmente gosta dela neste filme. |1
Eu teria escalado ela nesse papel depois de pronto o roteiro. |1
Como europeu, o filme é um bom retrocesso para o meu tempo como estudante na década de 1980 e as experiências que tive que vivem no exterior e interagir com outras nacionalidades, embora as circunstâncias eram ligeiramente diferentes. |1
Eu sou um fã dele ... Este filme sugado realmente ruim. |0
Ainda pior do que Ticker! |0
& Aquele filme era ruim. |0
Apenas como 3 ou 4 edifícios utilizados, um par de locais, talvez, & Poor hummh! |0
Ele só explodiu. |0
Este filme é excelente Angel é linda e Scamp é adorável Seus pequenos gritos quando hes scared, e as partes mais engraçadas são quando:! Scamp está preso sob a cortina e quando Angel e Scamp estão cantando Eu nunca tive essa sensação Before.I recomendo totalmente este filme, sua vinda para fora na edição especial sobre a cobertura junho 20.O tem scamp em uma lata de lixo e Angel debaixo da tampa. |1
Eu só não posso explicar este filme mais do que romântico, charmoso, divertido, e adorable.The cenas de ferro-velho são engraçados, todos os cães de ferro-velho ter algo special.Too engraçado eu ri, as crianças vão adorar it.Buy-lo quando ele sai, ele tem Novas características! |1
Agora fomos escolhidos para ser torturado com esta peça nojento de propaganda americano flagrante. |0
Este show é feito para os americanos - é muito estúpido e cheio de ódio e clichês para ser admitido em outro lugar. |0
Quase todos os envolvidos devem ser do retorno à escola, agir é totalmente previsível e ruim, script é pilha de lixo todo. |0
Eu gostaria de poder entrar valores negativos, os administradores? |0
Os conjuntos são tão ruins, eles não pareceria fora de lugar em um episódio Thunderbirds. |0
O uso de câmera lenta desnecessariamente se repete ao longo do filme, mas é bem apoiada por uma atuação ruim (e ruim é uma palavra amável aqui), há continuidade, cenas que são jogados em por qualquer razão, os veículos que parecia que foram feitas a partir de uma caixa de flocos de milho e um estilo de direção que beirava a estupidez. |0
Oh sim, e o enredo era patético também. |0
Eu odeio escrever comentários ruins sobre filmes - especialmente aqueles em que eu realmente gosto da estrela - mas este filme é tão ruim que eu não acredito por um segundo que qualquer um poderia ter sido orgulhoso dele. |0
Eu não sou um cineasta nem sou um diretor, mas gostaria de esconder a cabeça na areia se eu tinha passado qualquer quantidade de tempo e dinheiro nesse filme. |0
Em suma - este foi um desperdício monumental de tempo e energia e eu não recomendo ninguém para ver que nunca este filme. |0
Ele veio livre com um leitor de DVD que eu comprei, mas eu ainda virou a coisa fora a meio porque eu estava envergonhado por Howell. |0
1/10 - e só porque não há nenhuma definição para 0/10. |0
Uma premissa interessante, e Billy Drago é sempre bom como um perigoso porca-bag (nota lateral: Eu adoraria ver Drago, Stephen McHattie e Lance Hendrikson em um filme juntos, falar sobre furiosa maçãs do rosto!). |1
A trilha sonora não era terrível, qualquer um. |1
Mas a atuação - mesmo que de tais profissionais como Drago e Debbie Rochon - era terrível, a dirigir pior (talvez contribui para o primeiro), o chimpanzé-like, e o trabalho de câmera de diálogo, apenas tolerável. |0
Ainda assim, foram os jogos que tem um grande 10 na minha escala oy-vey. |1
Sim, eu estou simplificando as coisas aqui em prol da brevidade, para este realmente é o cerne dos problemas com esse filme - tem muita coisa acontecendo sem qualquer real, cumprindo explicação. |0
Ambos fazem bons empregos e são bastante divertido. |1
Mas a trama complicada apenas não me convenceu, e grande parte do filme foi assistido com um olhar interrogativo estranho. |0
Eu deixei a minha namorada talk-me em ver isso - má idéia, nós dois odiava. |0
Os últimos 15 minutos do filme também não são ruins também. |1
Bela Lugosi foi totalmente estranho, intoning linhas ímpares. |0
A atuação foi decididamente madeira, embora não é pior do que um filme de época Universal B. |0
I como Armand Assante & resumo da minha empresa de cabo pareceu interessante, então eu assisti-lo, já por duas vezes, e provavelmente será novamente. |1
Eu acredito que o roteirista fez um bom trabalho de amarrar as pontas soltas. |1
Minha pontuação de 8/10 é principalmente para o enredo. |1
Eu não vou dizer mais nada - eu não gosto de spoilers, então eu não quero ser um, mas eu acredito que este filme vale a pena o seu tempo. |1
Uau, que um filme ruim. |0
Não assustador no mínimo, e de difícil compreensão. |0
O enredo não ficar juntos em tudo, e a qualidade é absolutamente chocante. |0
Nem mesmo bom para o valor acampamento! |0
Eu não estava esperando material de Oscar, mas isso? |0
Você teria que ter o QI de molusco particularmente estúpido para não ver que uma vinda. |0
Este filme (e eu uso essa palavra vagamente) é um insulto para o público de ir ao cinema. |0
Se apenas alguém envolvido com ela soube encadear narrativa! |0
Isso fica a 1 fora de 10, simplesmente porque não há nada mais baixa. |0
Este é um que eu não tenho, mas eu assisti-lo recentemente na Fox Movie Channel, e foi muito decepcionado. |0
Eu sei que ele era um jogador de contrato com pouco controle sobre seus roteiros, mas a atuação foi tão ruim quanto o script. |0
Victor McLaglen era mesmo ruim, e Brian Donlevy estava quase irreconhecível. |0
Considerando as relações fora da tela entre Taylor e Stanwyck, foi surpreendente o quão pouco a química que havia na tela entre os dois. |0
Mas a premissa do filme foi tão ridículo: que o Presidente os EUA |0
As cenas do corredor da morte foram totalmente imóvel. |0
A única coisa pior do que a atuação de Taylor era o canto de Stanwyck. |0
Seja qual for o produtor estava indo para, ele perdeu completamente. |0
Fiquei profundamente impressionado com o personagem que interpretou. |1
Eu sabia que quando eu vi o filme que mais grandes coisas estavam por vir a partir deste talentoso ator. |1
Um filme de roubo barato e triste com a má caracterização, muitas estóico estilo underbite emoting (acho que Chow Yun Fat em A Better Tomorrow) e alguns clichês de queijo atirado para uma fábrica abandonada pronto para alguns mal executados voando rolos de judô a la John Woo. |0
Mesmo os squibs horrível. |0
Em nenhum momento do processo ele se parece remotamente como a América. |0
A trama, tal como está, é então derivado e previsível que o final é como uma matança mercê. |0
O diálogo terrível e exagero desesperada por todos que receberem topo rematar um verdadeiro desperdício de espaço e tempo. |0
Eu estava muito desconfortável com o quão ruim este filme foi, mas não assustou a todos. |0
O diálogo é composta de coisas que fazem pouco sentido. |0
Cerca de 30 minutos de imagens é desperdiçado para mostrar atores idosos medíocres desajeitadamente balbuciando overwrought pseudo-satânico jargão piegas o suficiente para fazer um adolescente Goth blush, quase sempre em Olde Inglês, e às vezes em latim que pode ou não ser feitas até palavras. |0
A direção é desleixado na melhor das hipóteses. |0
escrita banal, certamente, mas ainda pior pela má direção. |0
Claro, a qualidade é blah. |0
A atuação por todo o elenco poderia ser colocado em uma escala e perfeitamente equilibrado entre exagerando e underacting. |0
E, finalmente, depois de tudo isso, chegamos a um final que teria sido ótimo se tivesse sido tratado por pessoas competentes e não Jerry Falwell. |0
Eu amei este filme foi um grande retrato de uma família que tinha quota de altos e baixo-lo de, mas no final eles sabiam que o amor especial que eles tinham um pelo outro. |1
Eu tenho visto muitos filmes estrelado por Jaclyn Smith, mas meu deus este foi um dos melhores dela, embora ele saiu há 12 anos. |1
Este filme continha um elenco de estrelas, eo que eu amei o mais foi que ele abriu meus olhos para ver outros atores que eu não tenha visto antes. |1
Este filme era uma espécie de longa de duração, mas eu gostei cada minuto. |1
Taxa global de I este filme um 10 de uma escala de 1-10. |1
Lifetime não ar-la o suficiente, então se alguém sabe o que loja vende-lo deixe-me saber porque este é um must-have. |1
Lembro-me especialmente meus sentidos sendo agredido por cabos estridentes de música que iria Blare para fora com muito pouco aviso, e ainda menos significado. |0
É exatamente o tipo de pap que é exibido no período da tarde para punir os desempregados por não ter emprego. |0
Totalmente diferente, com cargas de eufemismo e comédia de humor negro, este é um poucos get filme para ver, mas aqueles que vão se lembrar. |1
Este filme cria seu próprio universo, e é fascinante em todos os sentidos. |1
Mas este filme realmente tem para mim. |1
Veja. |1
Eu realmente espero que a equipe por trás deste filme faz mais filmes, e que eles vão continuar a fazê-lo em seu próprio, algum estilo meio estranho. |1
E eu esqueci: A Fundição aqui i soberbo, com Trond Fausa Aurvåg ser perfeito no papel como o Homem Bothersome, que não entende onde ele está, o que está fazendo e por quê. |1
Este filme é um comentário bom e bem-humorado sobre a vida em 2006. |1
Eu encontrei esta mover bonita, agradável e edificante. |1
Inicialmente, os sites locais no filme, que foi filmado aqui em Buffalo, me intrigou. |1
Mais tarde, encontrei-me perdido no poder do filme. |1
Todo o público aplaudiu no final do filme. |1
Saí do teatro com uma cadência no meu passo, alegria no meu coração e esperança para a raça humana. |1
Duris tem uma aparência saudável e dá um bom desempenho. |1
O resto do elenco também jogar bem. |1
Cinematografia notável incluindo belas vistas de Barcelona e suas famosas torres de Gaudi. |1
Cerca de dez minutos deste filme eu comecei a ter segundos pensamentos. |0
Sobre a meio deste filme eu comecei a não gostar. |0
Quando o filme acabou, eu não só não gostava dele, eu desprezava. |0
O que este filme não tem um roteiro convincente. |0
O roteiro parece como se apenas um rascunho foi escrito e tiroteio começou antes de um roteiro final foi concluída. |0
As coisas acontecem, a mudança personagens personalidades, reviravoltas ocorrer por nenhuma razão real para além de que as chamadas de script para ele. |0
O elenco é bom. |1
Para isso, vale a pena conferir. |1
Este é provavelmente o mais show de irritante que eu já vi em toda a minha vida. |0
É indescritível o show mais chato e idiota que eu já vi. |0
Tudo sobre ele é apenas ruim. |0
Eu não conseguia entender, que tipo de idiota iria produzir essa bagunça em primeiro lugar para não mencionar vários temporada. |0
O roteiro é ruim, muito ruim ?? ele contém tanto cheesiness e piada antiético que você normalmente vê em R nominal ou filme NC-17. |0
O elenco também é horrível, porque tudo que você vê é uma Actors realmente muito ruim, período. |0
Palavra final: Este show é uma verdadeira tortura !! |0
É zilhão de vezes longe da realidade. |0
Assistindo twirling máquina de lavar roupa em torno de não ferir seus olhos tanto quanto este show. |0
Rating: 0/10 (Grau: Z) Nota: O Show tão ruim é que mesmo a mãe do elenco Puxe sua filha fora do show. |0
da 20th Century Fox Road House 1948) não é apenas um bom noir bobagem, mas é um furo absoluto implausível de um filme. |0
Cheio de personagens de papelão pouco convincentes é suavemente escrito por Edward Chodorov, que também produziu, e é surpreendentemente dirigido por Jean Negulesco de quem se poderia esperar muito mais. |0
A partir daqui sobre o caráter voltas Widmark involuntariamente cômicos! |0
Sua perdendo o juízo tão cedo no processo é totalmente implausível e pouco convincente. |0
E se isso não é o suficiente de uma confusão de um filme para você - a imagem também é marcado com um uso constante de aparelhos de estúdio e exteriores interiores. |0
Seja qual for solicitado tal documentário está além de mim! |0
(Spoilers muito graves), este filme foi um enorme decepção. |0
há tantos problemas Eu não sei por onde começar. |0
o elenco foi ótimo. |1
Steve Martin oferece um desempenho muito engraçado de, uma classe superior de meia-idade, cara branco tenso. |1
adicionar betty branco e Jean Smart e você tem um grande elenco - todos desempenharam suas peças muito bem. |1
mas o filme faz um monte de erros graves. |0
Primeiro de tudo, existem estereótipos raciais suficientes e piadas raciais para ofender todos. |0
o filme é cheio de insultos raciais evidentes para com os membros do elenco preto e em troca os brancos são retratados como idiotas e mamas. |0
colocando a carta da raça à parte, vamos olhar para a grande falha no filme: eles destroem o caráter das latifa. |0
não há nenhuma conspiração real. |0
eu não tomaria ver esse filme novamente de forma gratuita. |0
Vapor Willie é um filme incrivelmente importante para a nossa história do cinema. |1
Esta segunda aparição de Mickey Mouse (seguindo o plano silenciosa LOUCO no início daquele ano) é provavelmente o seu mais famoso filme - principalmente porque ele era tão inovador. |1
Enquanto você ainda não ouvir Mickey falar, há toneladas de efeitos sonoros e música ao longo do filme - algo que nós tomamos para concedido agora, mas que foi um enorme prazer para todos em 1928. |1
No entanto, depois de ver a curto novamente após cerca de 25 anos, fiquei espantado com a forma como atemporal o filme realmente é. |1
É simplesmente adorável vendo Mickey jogo Turkey in the Straw de uma forma altamente imaginativa (se ocasionalmente cruel). |1
Inteligente e uma multidão-pleaser verdadeiro - este filme ainda está entre os melhores filmes de Mickey mesmo depois de 80 anos maravilhosos. |1
A bipolaridade do matador implacável (um minuto uma assassino implacável, o minuto seguinte de uma fralda comercial LUV) é convincente completamente. |0
Estou terrivelmente decepcionado que este filme receberia tantos prêmios e elogios, especialmente quando há muito mais obras merecedoras de filme lá fora. |0
O corpo original e Soul (1947) é uma obra-prima. |1
John Garfield, Anne Revere, Lilli Plmer, William Conrad, Canadá Lee ... e filmado por um dos maiores cineastas de sempre a graça do screen..James Wong Howe. |1
Eu não acho que existem quaisquer qualidades redentoras neste remake. |0
Este pode ser o único mau filme que ele já fez. |0
Tão ruim ... bem ... é só ruim. |0
Este filme é um sólido exemplo de um enredo ruim e muito, muito má ideia por todo o caminho. |0
É uma vergonha para ver bons atores como Thomerson e James ganhar a vida em uma confusão como essa. |0
Eu pensei que era ruim. |0
Ambos os filmes são terríveis, mas para o crédito da versão 1986, era assistível. |0
Vamos começar com todos os problemas ?? a atuação, especialmente do professor de chumbo, foi muito, muito ruim. |0
O roteiro é uma grande confusão falho. |0
O melhor exemplo de como mudo a escrita é quando é estabelecido que você pode transformar os zumbis-alunos de volta para os seres humanos através da remoção de um colar contendo um pedaço do meteorito. |0
O diretor Paul Matthews, que também escreveu / dirigiu o fraco filme de monstro 1995 Grim, claramente não sabe como andar de seus filmes. |0
O filme é terrivelmente chato em alguns lugares. |0
A iluminação é horrível. |0
O filme parece barato e sem graça. |0
Um dos aspectos mais decepcionantes é a falta de notável gore. |0
Esta convenção nunca funcionou bem no passado, e certamente não funciona aqui. |0
Os efeitos visuais foram horrível. |0
A seqüência de abertura CG no espaço parecia que poderia ter sido criado em Microsoft Slideshow pelo amor de Deus! |0
A explosão dos reservatórios de gás no final era tão horrível. |0
Ok, eu gosto de me considerar um crítico justo, então eu vou dar crédito onde o crédito devido - os efeitos de criaturas foram realmente muito legal. |1
Conseguiu amar aqueles closes de viscoso, babando dentes! |1
Para resumir o filme Up Breeders é um terrível filme de terror, feito barata que devem ser evitados como o vírus Ebola. |0
Não recomendado. |0
Ele é quase insuportável para assistir na tela, ele tem pouco ou nenhum carisma, e terrível timing cômico. |0
Além de que é terrível chumbo, este filme tem uma infinidade de outros débitos. |0
Eu entendo que é suposto ser uma comédia pipoca barato, mas isso não significa que ele tem de insultar completamente a nossa inteligência, e ter escrito tão incrivelmente hackneyed que faz fronteira com a ofensiva. |0
considerável talento de Lewis Black é desperdiçado aqui também, como ele é no seu mais incendiária quando ele é desenfreada, que a classificação PG-13, certamente não vai permitir. |0
único ponto brilhante do filme era Jonah Hill (que vai ficar quase irreconhecível para os fãs da recente Superbad devido à quantidade de peso perdeu no ínterim). |1
Com a originalidade e frescor do primeiro filme já passou, este remake tinha pouco mais a oferecer. |0
O orçamento foi evidentemente muito limitado. |0
Isso se refletiu não só no elenco, mas também no script abaixo-par, que emprestado muito do início clássico. |0
No entanto, aqui não havia decente atuação, ação ou local de trabalho para equilibrar as coisas. |0
Filmiing foi menos expansivo. |0
Ele não conseguiu transmitir a ampla extensão de paisagens que foram uma grande parte do original. |0
Geralmente; a apenas carecido imaginação. |0
Não recomendado. |0
É possível que um filme para ficar pior do que isso? |0
Não há enredo aqui para mantê-lo em primeiro lugar. |0
Mesmo quando as mulheres finalmente aparecer, não há sinais de melhoria; as coisas mais esperados acontecer e pelo tempo que o filme é longo, você pode ser muito sono. |0
Cuidado: este não é um filme cult trashy, este é lixo -period! |0
Não posso acreditar que não há sequer uma sequela para isso! |0
Que é precisamente por isso que estou dando-lhe um tal revisão ruim! |0
Ser criança dos anos 90, eu realmente se esse show e eu posso dizer com orgulho que eu gostei grande tempo e ainda mais do que as caricaturas WB clássicos. |1
Mas Tiny Toons manteve vibração anos 90 e entregou um dos mais populares desenhos animados, engraçado, e subestimado já criados. |1
As memórias são obscuras, mas eu só posso dizer que se em cada episódio e produto relacionado com o show. |1
Facilmente, nenhuma outra banda desenhada me fez rir de uma forma suave (antes de entrar em sitcoms escuras orientados para adolescentes). |1
Os personagens eram tudo engraçado e tinha a peculiaridade de não ter um verdadeiro personagem principal. |1
Cada personagem era hilariante e merecia ser chamado de chumbo. |1
Cada elemento desta história era tão por cima, falso excessivamente e artificial que era doloroso para sentar-se através. |0
Suas linhas parecem ter sido escrito por um 15 anos de idade, embora eles estão tentando oh, tão, tão difícil de som como como um de quinze anos seria realmente, hum, você sabe, bem ... falar. |0
Perabo tem um nível de energia agradável e é, obviamente, muito confortável na frente de uma câmera. |1
Simplesmente não há desculpa para algo esta mal feito. |0
Eu vi este filme e eu pensei que este é um filme estúpido. |0
O que é ainda mais estúpido é que quem tinha pensado uma idéia que deve haver um vulcão em Los Angeles? |0
Para ser honesto com você, isso é um absurdo inacreditável e muito tolo. |0
Em conclusão, eu não vou preocupar com este filme porque um vulcão em Los Angeles é nada, mas um disparate. |0
O enredo é simplesmente horrível! |0
É apenas doloroso! |0
E os acentos são absolutamente abismal! |0
Há também a hipocrisia suficiente neste filme para me fazer vomitar. |0
Não desperdice o seu tempo assistindo esse filme não-pesquisado lixo. |0
Acredito que Pitch Black foi bem feito. |1
Os personagens são interessantes e você quiser saber mais sobre eles quanto mais tempo o filme se passa, e eu acho que as pessoas vão se surpreender com quem faz e não fazê-lo. |1
Vá vê-lo! |1
Omitir vendo isso. |0
Muito engraçado! |1
Minha classificação: apenas 3 de 10. |0
Os personagens são interessantes e você realmente se importa para eles. |1
Um clássico instantâneo, com uma grande banda sonora e uma canção cativante durante os créditos finais. |1
Não perca. |1
Esta é uma peça magistral de produção de filmes, com muitos temas fervendo e, ocasionalmente, fervendo neste verrugas e tudo estudo da boêmia do poeta, anos de tempo de guerra auto-indulgente que abrangem os bombardeios aéreos de Londres e no exterior tranquilidade de um retiro costeira Welsh - as fronteiras entre a amizade, o desejo eo amor, a dedicação à arte e experiência contra interesses práticos, o ciúme, rivalidade, covardia e egoísmo contra heroísmo e auto-sacrifício e muito mais. |1
A amadurecer, roteiro sutil que sugere e ocasionalmente traz em foco dramática as tensões subjacentes é bem servida por performances perfeitas (para além da estranha inapropriado sorrindo que Keira Knightley está propenso a, embora, talvez, sob a direção desta vez como os outros personagens, muitas vezes eles mesmos mencionam ). |1
Mas acima de tudo a composição visual requintado de cada momento, com o uso inventivo e elegante de close-up, ângulo de câmera e iluminação, incluindo pointillistic faux filme caseiro metragem, é uma maravilha e alegria para os olhos. |1
É como continuamente bonito para olhar como um Bertolucci, mas as relações aqui são mais convincentes e a narrativa mais envolvente do que algum do trabalho desse mestre. |1
A premissa básica é desperdiçado, uma vez que está afastado pelo foco inexplicável na equipe de documentário. |0
Independentemente disso, o filme falha na maioria dos níveis. |0
Evitar a todo custo. |0
Eu vi esse filme em Natal, e que um grande filme que era! |1
Pensei Errol Flynn foi brilhante como Custer e desde então se tornou o meu ator favorito! |1
Sua atuação ao lado de Olivia De Havilland foi brilhante e o final foi fantástico! |1
Eu sempre soube que Errol Flynn era um ator brilhante como ele era meus pais ator favorito, e eu cresci assistindo seus filmes como uma criança. |1
Mas não foi até que eu assisti esse filme que eu percebi o quão grande ele realmente era. |1
Eu vou dar a este filme 10 de 10! |1
Eu sei que Jim OConnor foi muito enérgico e que ninguém poderia ser tanto quanto ele, mas George era bem monótona. |0
Ele realmente não parecem querer ser hospedagem; Sua voz-overs eram monótonas, não se envolveu com os convidados. |0
thriller de pouco encantador de Hitchcock, com vários nice travessuras em torno de um espião assassinado, uma criança sequestrada, uma igreja desagradável, uma trama estrangeira e alguns taxidermistas aleatórios. |1
Jimmy Stewart é como sempre um grande herói para Hitchcock, a história rasga junto ao seu clímax legal em uma função embaixada, mas falta-lhe a ameaça ninhada de preto e branco, original, de baixo orçamento de Hitchcock. |1
ainda, no entanto, outro filme maravilhoso de estável do grande mestre. |1
Eu tenho que dizer que este filme foi excelentemente produzida e tops as classificações como um filme fi típico sci! |1
Excelentemente produzido por um dos melhores produtores de Sci-fi Scot Vandiver! |1
Mas é divertido, no entanto. |1
É uma espécie exagerado de filme que é uma alegria para assistir. |1
Há apenas um momento chato no filme e há uma abundância de peças humorísticas. |1
O elenco é sempre divertido, como de costume. |1
No geral, uma delícia! |1
Este filme é tão mente-bendingly terrível, não poderia mesmo ter sido criado. |0
O filme carece de qualquer sustos reais ou tensão e alguma da terminologia médica usada em toda é um pouco duvidoso para dizer o mínimo & I dizer que como um diabético insulino-dependente de mim. |0
A menos dito sobre a agir melhor. |0
Este filme faz um excelente trabalho de revelar a complexidade da tarefa e os desafios incríveis que enfrentam África do Sul. |1
Eu acredito que cada um deve ver este filme como eu acho que poucas pessoas fora da África do Sul compreender o seu passado eo que está sendo tentada no processo de Verdade e Reconciliação. |1
Nada menos do que magnífico fotografia / cinema neste filme. |1
A qualidade é fantástica, as histórias são perfeitamente entrelaçados, e os cães são esplêndidos ............. A deve alugar, visão ou ver. |1
Não tenha medo de legendas ........ o que vale um pouco de aversão a terapia 10/10 |1
Excelente desempenho. |1
Há ainda bons atores de todas! |1
Também excelente direção e fotografia. |1
Muito fiel ao Shakespear, e um must para todos os fãs Shakespear. |1
Macbeth (Jason Connery) me às lágrimas com o seu monólogo final (fora breve vela, fora) Ele deu a esfera de decadência e escuras forças morais um rosto humano, o que torna ainda mais interessante. |1
Helen Baxendale é uma senhora muito credível Macbeth que pode ser muito cheerfull, por vezes, e às vezes ela parece apenas uma garota malvada, mas mortal em seu gosto por sangue e do mal. |1
Se você ama letras Shakespears morte e decadência, e ... esta é a única. |1
Este é um espirituoso e adaptação deliciosa do livro Dr. Seuss, brilhantemente animado pelo melhor da UPA e completamente merecedora de seu Oscar. |1
Menção especial deve ser feita da partitura de música e efeitos sonoros excelentes, que são um elemento integral para ajudar a fazer este memorável um cartoon e agradável. |1
No entanto Paul Schrader, de fato, fez um filme sobre Mishima que é excelente & complexa. |1
Também notável é bem nítido de John Bailey lindamente cinematografia colorido e do grande projeto de produção e figurinos de Eiko Ishioka, que passou a fazer os figurinos memoráveis ​​para Drácula de Coppola, pelo qual recebeu um Oscar merecido. |1
Mesmo tendo em conta os valores de produção pobres para a época (1971) e o formato (uma espécie de mini-série), este é baaaaaad. |0
A menos que você está apenas fora visualmente Collect todos os filmes existentes de obra de Austen, você pode ignorar esta. |0
Se você fizer vê-lo, no entanto, existem pequenas consolações: as atrizes jogar irmãs de Anne cada um fazer um trabalho maravilhoso com seus papéis. |1
Isso não é bom. |0
Falando da música, é insuportavelmente previsível e kitchy. |0
Em seguida, o filme só deixou a bola cair. |0
Este é um filme deslumbrante. |1
Raw e movimento sublime. |1
Parecia que, uma peça de teatro inteligente muito emocionante (mas sem o sentimento excessivamente teatral um realmente fica de assistir as pessoas em um palco) que desempenha em todos terror de uma mentira branca escalada a consequências monstruosas. |1
Todos os principais jogadores são fascinantes. |1
Tom Wilkinson quebrou meu coração no final ... e todos os outros a julgar pela quantidade de desastrado para lenços e mãos indo até rostos entre homens e mulheres igualmente. |1
Julian Fellowes triunfou novamente. |1
Ele é um tesouro nacional. |1
VÁ E VEJA! |1
Este é um excelente filme. |1
As cenas aéreas foram bem-feito. |1
Foi também o equilíbrio certo de guerra e amor. |1
O filme dá significado à frase, Nunca na história do conflito humano tem tanta sido devido por tantos para tão poucos|1
Kris Kristofferson é bom neste filme e realmente faz a diferença. |1
Um bom filme por um grande diretor! |1
Este é definitivamente um dos melhores documentários que eu vi olhando para as relações familiares e casamento. |1
Há muitos erros de continuidade: um outro usuário comentou sobre carros diferentes na garagem, copos de Joe ... o que tem que me o mais foi o fato de configuração pêlos faciais Joe pareceu mudar de cena para cena. |0
Este é apenas um grande filme. |1
10 de 10 estrelas. |1
Eu não posso ver como este filme pode ser uma inspiração para qualquer pessoa a sair ou superar o medo e rejeição. |0
É tão ruim que é realmente vale a pena ver apenas por esse motivo. |0
Punishment Park é uma brilhante peça de cinema. |1
Tiro no deserto do sul da Califórnia usando seu estilo de falso documentário patente, Watkins cria um filme como nenhum outro. |1
Este é um dos Peter Watkins filmes mais acessíveis. |1
Eu aconselho você a olhar para ele. |1
Você não vai se arrepender! |1
Altamente recomendado A + |1
Bem ... Só se você continuar pensando como é ruim. |0
É uma peça medíocre, miserável, oca, risível e previsível de lixo. |0
É um caso de tão ruim que é risível. |0
) Muito mau desempenho desempenha Angela Bennett, uma especialista em computadores que está em casa o tempo todo. |0
É um filme sobre nada, apenas um pretexto para mostrar cenas de ação ridículas. |0
Quão terrível que ela é! |0
Mas ela ainda é uma má atriz, repetindo seus movimentos faciais robóticos em cada uma de suas fotos. |0
Os resultados, bem, são uma vergonha. |0
APAGAR esse filme de sua mente! |0
Uma das piores apresentações de todos os tempos. |0
O show começaria com espertinho ed comentários uns aos outros que seria totalmente fora da parede e desnecessário. |0
O computador geek gordura era inacreditável, o batedor da bíblia, a menina do mau-burro, quem são esses atores ??? |0
Nunca ouvi falar de nenhum deles, exceto Cole, que foi totalmente inacreditável na peça. |0
Toda vez que ele abriu a boca você espera ouvir, você vê crianças ... puxar o plugue foi uma matança misericórdia para este espectáculo horrível. |0
As histórias eram tão inacreditável quanto os atores. |0
Lame seria a melhor maneira de descrevê-lo. |0
Stanwyck e Morgan são perfeitamente escalado para o que é, em muitos aspectos, um equivalente moderno de Dickens A Christmas Carol em sua sensibilidade. |1
O sucesso do filme depende da fundição de Sydney Greenstreet como o personagem Alexander Yardley. |1
O conjunto atraente usado durante a maior parte do filme é uma jóia olho-agradável. |1
Im grande fã de jogos de RPG também, mas este filme, é uma desgraça para qualquer RPGer preze existe. |0
As linhas, os cortes, o áudio, tudo está errado. |0
Você pode encontrar melhores filmes em youtube. |0
Linha superior: Não desperdice o seu tempo e dinheiro em um presente, a sua tão ruim quanto se trata. |0
filme A Lassie que deveria ter sido posto para dormir .... SEMPRE. |0
É assim que eu descreveria essa perda de tempo dolorosamente triste de um filme. |0
Tão medíocre em todos os aspectos que ele só se torna um maçante bagunça, desinteressante, este é um dos filmes mais esquecíveis que eu vi. |0
Nem sequer é uma conquista como um assim-mau-é-bom ou o filme -é-memoráveis ​​tão ruim. |0
É uma casca vazia, oca de um filme. |0
Sério, não vale a pena desperdiçar o seu, ou o tempo do seu filho diante. |0
Evite, evite, evite! |0
Ele irá conduzir você latindo louco! |0
As transferências são muito bons. |1
Muito agradável e relaxante visualização tarde da noite. |1
O filme é cheio de dança maravilhosa (daí o título! |1
) Boa música e excelente paisagem. |1
Ele lida com alguns problemas difíceis com dignidade e graça, e, claro, tem (chocando saqueador aqui! |1
) Um feliz, maravilhoso, sensação bom final! |1
O ponto é a viagem, uma viagem que toca cada membro da família. |1
É um dos filmes que eu preciso ver sempre que ele vem na TV ... não importa o fato de que eu já memorizado! |1
Nada de novo lá. |0
Isso foi feito no segundo filme. |0
O filme quase não tem cenas de ação em que e muito pouco de comédia. |0
A trama tem mais furos do que um par de meias arrastão e a direcção e a edição é surpreendentemente presunto que punhos. |0
O que na terra é Irons fazendo neste filme? |0
Eu só vi este filme e eu recomendo. |1
Tem um muito bom enredo, ele mantém sua atenção completa, a qualidade é excelente, Tom Wilkinson foi fantástico e Emily Watson também foi muito bom. |1
Um filme muito bom, na verdade, sobre a grande e incondicional amor. |1
O personagem de Tom Wilkinson é um homem que não está preparado para a provação que está prestes a começar, mas ele leva o assunto em mão como os avanços da história, e este grande ator dá um desempenho que faz você se sentir angústia e sofrimento do personagem. |1
O personagem de Emily Watson é muito forte, e ela tem apenas para dar uma rápida olhada e você entende tudo. |1
Apesar das panelas de usuários, eu gostei deste filme. |1
Na verdade, eu gostei melhor do que Entrevista com um vampiro e eu gostei este Lestat (Stuart Townsend) melhor do que a tentativa de Cruise. |1
Aailiyah era bom bonito como Akasha, em lugares atraentes (a sua primeira entrada e cena mini-dança). |1
Eu sou um grande fã desta série principalmente devido ao estilo, sensibilidades e tratamentos de Anne Rice. |1
Eu acho que eu gostei os detalhes de sua disfunção - ele era crível. |1
As cenas de futebol no final foram desconcertante. |0
Mas eu pensei que sua atuação era hábil. |1
Meredith M era melhor do que tudo bem. |1
Um filme muito charmoso com sentimento e coração maravilhoso. |1
É raro quando um cineasta toma o tempo para contar um conto moral digna com cuidado e amor que não caia na armadilha de ser excessivamente xaroposo ou mais indulgente. |1
Nove em cada dez para um verdadeiramente encantador filme. |1
Este filme cedo do futuro goremeister Lucio Fulci é uma adição muito boa para o sub-gênero giallo. |1
Este é um dos melhores thrillers italianos do início dos anos 70. |1
Uma cena de destaque. |1
Esta cena é muito forte e desagradável. |0
Tecnicamente, o filme é bem feito, com um impressionante trabalho de câmera, atuação sólida e música eficaz de Riz Ortolani ?? particularmente bom é um vocal feminino desacompanhada recorrente que soa como ele está vindo de uma colina distante. |1
É ainda o material selvagem embora e é altamente recomendado para os fãs de cinema giallo. |1
O filme foi muito interessante do começo ao fim. |1
Gostei da forma como o personagem de Dustin Hoffman estava pronto para fazer quase tudo para ficar com seu filho. |1
Este filme também é revelador. |1
Pessoalmente, acho que isso mostra que as pessoas devem aprender a encontrar um compromisso auto-los sem envolver outras pessoas em questão. |1
E foi chato. |0
Eu estou tão cansado de clichês que é apenas a escrita preguiçoso, e aqui eles vêm em grosso e rápido. |0
PS a única cena no filme que foi legal é quando o personagem central encontra seu quarto explodido. |1
É um fresco, sutil e efeito bastante sublime. |1
Um revisor italiano chamou isso de uma pequena, grande filme, e isso é certo. |1
Todos os atores dar um desempenho maravilhoso, especialmente Jennifer Rubin como Jamie Harris, que muda a partir do starlet nervoso no início através dos estranhos acontecimentos que ela faz parte de para a estrela legal. |1
Você aprende muito sobre o real dentro emoções das pessoas neste filme, e muito sobre o próprio negócio do cinema. |1
O filme em situações de cinema no início e através do jogo que é jogado com ela pelo treinador agindo são fascinantes. |1
Também a música de Mark Snow é possivelmente a melhor pontuação que eu já ouvi. |1
Você não vai esquecer este filme! |1
Por que este filme feito? |0
O filme tem um olhar ultra-barato para ele. |0
O resultado é um filme que simplesmente não parece certo. |0
Nenhum deles é envolvente ou emocionante. |0
O enredo é um absurdo que não interessa nem um pouco maneira ou ter qualquer exclusividade para ele. |0
O Estrangeiro não vale um segundo de seu tempo. |0
Eu vi isso como uma criança nas costas TV em 1973, quando foi The Stranger e eu adorei. |1
Mas o dueto entre o astronauta e seu médico no início do filme é uma troca perfeita quando se considera que este filme foi feito bem na Guerra Fria e maior medo do astronauta é que ele caiu na URSS. |1
Este filme é tão incrível! |1
Eu adorei, foi realmente assustador. |1
Eu amo os filmes gritar e todos os filmes de terror e esta fileiras caminho até lá. |1
Se você quiser um verdadeiro susto alugar este! |1
10/10 |1
Este é um filme extraordinário. |1
Como um drama de tribunal, é atraente, como uma acusação sobre o sistema de justiça americano, é assustador. |1
Este filme destaca as falhas fundamentais do processo legal, que não é sobre a descoberta de culpa ou inocência, mas sim, é sobre quem apresenta melhores no tribunal. |1
O filme é bem ritmado, discreto e um dos melhores documentários de tribunal que eu vi. |1
Este drama principalmente rotina TV baseada em fatos recebe um impulso do desempenho bem por Cole. |1
Previsível, mas não é uma má relógio. |1
Ficou claro que ela tinha o alcance ea capacidade de retirar essa parte. |1
Ela carrega o poço filme. |1
Constantino dá tudo a intensidade certa e parece ter uma boa compreensão das motivações psicológicas subjacentes. |1
É maravilhoso e inspirador para assistir, e eu espero que ele fica liberado novamente para vídeo ou DVD. |1
Como este pedaço de lixo que nunca foi lançado está além de mim: a atuação, a história, os personagens, os efeitos supostamente especiais, etc ... Está tudo errado. |0
Na verdade, esta stinker cheira como uma liberação direct-to-video. |0
Evitar a todos os custos! |0
Star Trek V The Final Frontier é o pior da série. |0
A atuação de todos os envolvidos e que inclui aqueles que, como Shatner e Nimoy é ruim e lavado para fora e fazendo com que pareçam tão antiga como eles olham na vida real, os efeitos especiais são brega como quando Spock tem que resgatar Kirk em um jet pack quando ele cai para baixo de uma montanha. |0
As tentativas de humor foram patético e história é tão terrível que dosent pensamento urso sobre o que basicamente envolve um Vulcan roubando a Enterprise para encontrar Deus (sério) eu apenas não me importava com nada disso cinema e oh não mencionar Uhura faz uma dança do ventre para distrair os guardas do sexo masculino. |0
O único lugar bom para este filme é no lixo. |0
O pior da série. |0
Editar: A edição deste filme foi fenomenal na minha opinião. |1
Quando uma música poderia explicar as emoções dos indivíduos melhores, como quando a vida infeliz Jay Adams era um assunto de conversa, a canção Old Man por Neil Young foi tocada, que evoca muitas emoções. |1
Fotografia: O filme foi filmado em uma maneira interessante. |1
É claro que as imagens dos anos 70 foi granulada, mas isso só aumentou o filme. |1
Este filme oferece muitas delícias e surpresas. |1
Quando Achille e Philippa lindamente cantar um dueto de Don Giovanni, que descreve perfeitamente a sua situação no filme, você aprecia as camadas sutis de este excelente filme. |1
Os desdobra história no século 18 Jutlândia e o uso da música período jogado em instrumentos de época é apenas mais um toque fino. |1
Você compartilha a alegria requintado do general Loewenhielm na sua participação do Cailles en sarcophage mesmo que você está apenas assistindo a um filme - mas você desejo de apenas uma pequena amostra para saborear. |1
Mas este discreto folhas de cinema uma impressão duradoura. |1
O calor gera está em contraste com seu pano de fundo austero. |1
Você vai sair do cinema querendo sair e dançar sob as estrelas. |1
A atuação, como seria de esperar deste elenco, é top de linha. |1
Os personagens são aprofundados surpreendentemente bem, particularmente Grimes e Blake, e todos os atores entregar suas linhas acentuadamente script com apenas a quantidade certa de língua inexpressivo no rosto para fazer o diálogo tanto hilariante e realista. |1
Angus Scrimm também se transforma em um bom desempenho em um pouco breve, mas o papel memorável como o delicadamente ameaçador, anatomista-tocando violino Doctor Quinn. |1
Conclusão - eu adorei. |1
É um longo tempo desde que eu estava tão entretidos por um filme. |1
I luta para encontrar nada de ruim a dizer sobre isso. |1
Marque minhas palavras, este é um daqueles filmes cult como Evil Dead 2 ou Phantasm que as pessoas ainda estarão descobrindo e se apaixonando por 20, 30, 40 anos para baixo da linha. |1
É bastante surpreendente que este filme maravilhoso foi feito em 1949, como Hollywood geralmente tinham suas cabeças coletivas na areia sobre questões preto e branco da época. |1
O filme merece elogios fortes para tomar esta posição, por ter atuação excepcional de seu elenco em sua maioria menos conhecido e para o script super-inteligente que não insulta o público ou tomar o caminho mais fácil quando se trata de racismo branco. |1
Além disso, com orçamento bastante modesto do filme e rápido tempo de execução, ele faz um trabalho incrível! |1
Juano Hernandez (um ator excepcional que interpretou papéis em muitos filmes da época de suporte) é um homem orgulhoso preto, que é acusado de assassinar um homem branco no Sul. |1
Trumbull em I Love Lucy). |1
Veja-o com os seus filhos, se você tem uma chance - ele vai abrir algum diálogo surpreendente sobre o quão longe as relações raciais têm vindo nos últimos 50 anos. |1
Ver os dois filmes se você puder. |1
Foi naquele ano, no entanto, que nos lembrou que Huston ainda estava no topo de seu jogo como evidenciado pelo seu fiel adaptação do romance aclamado de James Joyce The Dead. |1
Sentimentos, pensamentos ... o desconforto de Gabriel durante a dança ... todos esses intangíveis saltar para a vida e chegar ao alcance do espectador no retrato de Huston. |1
Muito decepcionado e perguntou como ele poderia estar na lista Oscar. |0
É muito lento. |0
Monte de buracos na trama: não há nada sobre como ele se tornou o imperador; nada sobre onde gastar 20 anos entre a infância ea idade adulta. |0
) Não desperdice o seu tempo. |0
Fim dos Dias é um dos piores filmes de ação de grande orçamento que eu já vi. |0
Ele certamente não sabe como fazer um filme de ação coerente do roteirista de Air Force One que só foi obrigado a escrever o roteiro apenas para uma grande soma de dinheiro. |0
Este foi um dos piores filmes que eu já vi. |0
Eu ainda estou tentando superar o quão ruim era. |0
Este filme é, possivelmente, um dos mais obras criativas de horror nunca. |1
Ele tem tudo que você poderia querer ... suspense, drama, comédia, subtramas confuso, nativos americanos, comer cérebro ... Se você está procurando a todo o ser-end-todos os filmes brainsucking, não procure mais. |1
Com efeitos sonoros grandes e efeitos especiais impressionantes, eu não posso recomendar este o suficiente filme. |1
Chame-me uma porca, mas acho que este é um dos melhores filmes de sempre. |1
Grandes atores de caráter Telly Savalas e Peter Boyle. |1
1 hora 54 minutos de puro tédio, melodrama e agir horrível, uma bagunça de um script, e um sentimento de afundamento do bom Deus, que eles estavam pensando? |0
Muitos buracos no roteiro. |0
É como um filme ruim duas horas TV. |0
Agora imagine que cada uma dessas decisões foi feito errado. |0
O diálogo é atroz. |0
A qualidade é além abismal. |0
fede tudo. |0
O problema é que, a escrever e dirigir tornam impossível estabelecer essas coisas que fazem um watchable filme, como caráter, história, tema e assim por diante. |0
Pior, há uma sub-trama incrivelmente fraco jogado no que segue um pequeno grupo de Mansonites dos últimos dias como eles vão depois de um repórter que está trabalhando em uma reportagem sobre o aniversário dos assassinatos. |0
É idiota e sem sentido, e uma completa perda de tempo. |0
Em suma, não se incomodam com este filme. |0
Eu não vou desperdiçá-la, mas o terminando em bastante surpreendente. |1
A melhor cena do filme está no final, mas eu não vou desperdiçá-la. |1
Se alguma vez houve uma indicação de um escritor e capacidade de um diretor de fundir dois temperamentos altamente voláteis em uma união perfeita de criatividade, então é isso! |1
O resultado é uma realização potência, fez mais oportuna agora talvez por causa de perturbar o fascínio de nossa cultura com a celebridade, e é interpretações distorcidas de fama. |1
Um filme não é facilmente esquecido. |1
Mas, Kevin Spacey é um excelente, tsunami verbal como Buddy Ackerman ?? e totalmente crível, porque ele é um grande ator. |1
O script da comédia sutil é inigualável por qualquer filme nos últimos anos. |1
Os personagens são interessantes, mesmo se um pouco previsível. |1
Altamente recomendado para todas as idades, embora os mais jovens provavelmente não vai apreciar algumas das referências mais sutis, eles irão certamente apreciar uma cena galley em particular! |1
Ótimo filme! |1
Também a história e agir eram fracos. |0
Por volta das 16:00 eu comprei, por volta das 20:00 eu comecei a assistir, por volta das 20:15 eu rápido transmitiu o filme restante para ver se havia mais alguma coisa assistível para um ser humano com um cérebro ... mas não havia. |0
De qualquer maneira, é uma porcaria. |0
O roteiro é terrivelmente estúpido. |0
A história começa muito rápido com absolutamente nenhum suspense ou build-up na mínima. |0
Tudo capitão Howdy diz ou é risível ou simplesmente estúpido. |0
Que raio de merda é essa ?! |0
Então, há o enredo buracos. |0
Você poderia dirigir um caminhão semi para esses buracos! |0
Linda Cardellini é a única coisa boa neste filme. |1
Ela é equilibrado e surpreendente. |1
Dee Snider simplesmente uma porcaria. |0
Ele não pode agir (um dos vilões assustadores menos que eu já vi), ele não pode write (que ele escreveu este filme maldito em seu sono? |0
Eu estava entediado ao longo de toda a maldita coisa. |0
A atuação suga, a música é uma porcaria, o script é uma porcaria, o ritmo é uma porcaria, o FX especial chupar, a direção é uma porcaria ... basicamente, este filme é uma porcaria. |0
Este filme tenta ser um sério e sofisticado suspense / filme de terror e ele falhar miseravelmente. |0
Este é provavelmente um dos filmes menos eficazes e totalmente banal que eu já vi em toda a minha vida. |0
Um pedaço de lixo cinematográfico capturada em celulóide. |0
Evitar a todo e qualquer custo. |0
De qualquer forma isso fede de cinema, não é engraçado, e Fulci deveria ter ficado com giallo e filmes de zumbis sobrenaturais. |0
Evitar este filme a qualquer custo. |0
Eu não sei o que aconteceu na quinta temporada, que confusão. |0
A rosca única consistente segurando a série juntos foram as performances surpreendentes de Leni Parker e Anita Laselva como os dois Taelons em conflito idealogical tranquila. |0
Agora, este é um filme que eu realmente não gosto. |0
É um dos filmes mais chato de terror dos anos 90, principalmente porque ele começa lento e centros em um ambiente chato. |0
Os bonecos olhar realmente brega, não em um bom caminho, como em filmes dos anos 80 Puppet Master. |0
A história é coxo, não é interessante e nunca realmente explica as origens sinistras dos bonecos. |0
Não há cenas de morte, como nos filmes anteriores e a f / x são terríveis. |0
Senti dormindo a primeira vez que eu assisti-lo, para que eu possa recomendá-lo para insones. |0
O fato é que este filme é um maravilhoso, reconfortante conto sobre duas pessoas perseguindo seus sonhos. |1
A melhor parte sobre Enfermeira Betty é de imprevisibilidade. |1
Diretor Neil LaBute usa a violência brutal aos sonhos separados da realidade, e junto com o drama comovente e hilariante comédia, você nunca pode dizer o que vai acontecer a seguir. |1
Caso contrário, nem sequer desperdiçar seu tempo com isso. |0
Este apenas não criar qualquer suspense real. |0
Quanto ao assassino, não espere originais nada nem mesmo remotamente assustadora. |0
Há, no entanto, alguns boa atuação muito (pelo menos, para este tipo de filme). |1
Sinto muito, mas eu realmente não recomendo a ninguém. |0
Uma das mais chatas, filmes sem sentido que eu já vi. |0
A linha de trama secundário é incompreensível e a sua relação com a linha de trama primária é mistificante. |0
Odiava. |0
Este é um dos piores filmes Sandra Bullock desde Speed ​​2 Mas não é tão ruim. |0
Eu não entendo como este lixo tem nas prateleiras da loja do filme, não é mesmo um filme real! |0
Eu duvido que qualquer um podia assim lixo. |0
Isto não é de criação do filme. |0
A atuação é como assistir bonecos de madeira em movimento ao redor e leitura de um livro, que é como é ruim. |0
Então, eu estou aqui para avisá-lo - NÃO alugar este filme, é a coisa mais estúpida que você nunca viu! |0
Eu vi esse filme curto na HBO no outro dia e absolutamente Entes. |1
Eu não percebi o quão maravilhoso a curto realmente é até que as duas últimas cenas. |1
Excelente curta-metragem. |1
Felizmente, o diretor James Cox pode transformar o curta em um longa-metragem com o mesmo elenco, ou ganhar-nos com um filme totalmente novo. |1
Concordo com Jessica, este filme é muito ruim. |0
Personagens são unidimensionais, até mesmo os bons e especialmente os bandidos. |0
O enredo é totalmente previsível. |0
Não muito diálogo, não muita música, todo o filme foi rodado tão elaborada e esteticamente como uma escultura. |1
Eu vi novelas mais inteligentes do que este filme. |0
caracteres mau, mau história e atuação ruim. |0
Realmente terrível. |0
Não é fácil de assistir. |0
Engraçado, inteligente, hip - assim como o filme anterior de Pray, Hype! |1
Foi um longo período de tempo que eu não ver um ator tão carismático na tela. |1
Paolo Sorrentino tem escrito uma história maravilhosa sobre solidão e Tony construiu um dos mais inesquecíveis personagens vistos em filmes nos últimos anos. |1
O filme não é perfeito completamente, mas Titta Di Girolamo vai ficar com você por um longo tempo depois da visão do filme. |1
I tarifa este filme 9/10. |1
Eu não sei se isso era estréia na direção de Emilio Estevez, mas o ritmo, a interação eo desenvolvimento dos personagens, bem como alguns trabalho de câmera inteligente em torno do caráter Estevez joga tudo sugere um olhar natural. |1
A interação entre Martin e Emilio contém a mesma química maravilhosa que vimos em Wall Street, com Martin e Charlie. |1
Kathy Bates é maravilhoso em seus personagens desespero sutil e escapismo; uma variação sobre sua personagem em Brincando nos Campos do Senhor. |1
Para os leitores que já viram um dos filmes de Miyazaki: ele ainda está em sua melhor forma e fez outra experiência válida. |1
Nunca condescende, todos os personagens têm bons corações genuínas e problemas verossímeis. |1
Os dois personagens principais pode ser dois dos mais crianças crível que eu já vi colocar na tela. |1
Eles são tão fáceis de amor, mas é ainda mais fácil de identificar. |1
Este filme é grande - especialmente se você gosta de artes visuais. |1
A paisagem que as duas filhas pintura e fotografia são lindas. |1
A história também é engraçado e comovente, por vezes. |1
Pessoas que gostam de filmes europeus e filmes de arte vai gostar deste filme. |1
Este é verdadeiramente um filme de arte - ele realmente tem um monte de arte nele. |1
Ir alugá-la. |1
No entanto, depois de finalmente assistir a este filme, percebi que não só eu tinha tido uma mente fechada ao brilho que retrata, eu também encontrei-me vê-lo uma e outra vez. |1
É o único filme que nunca deixa de me interessa, simplesmente porque ele me mantém alerta, como eu tento tentar decifrá-la de significados. |1
Brilliance, de fato. |1
Mas se você gostou filmes como Matrix (e ainda melhor, suas seqüelas) Eu acho que você vai apreciar o pensamento provocando, mindblowing experiência deste filme vai lhe dar. |1
Pense do filme ser como um sonho. |1
Simplesmente lindo. |1
Ambos Rickman e Stowe desempenhar as suas funções ao máximo neste conto do escritor um livro das crianças who-- talvez? - escreveu um trato subversivo. |1
É um divertimento gloriosamente, rápido e representação bastante precisa da noite de um raver. |1
Ele apresenta um retrato idílico ainda grave dos altos e baixos da vida personagens. |1
Apenas faça o que fizer, evitar o sulco como a antítese de tudo o que é bom sobre Tráfico Humano. |0
É muito ruim que todos os outros envolvidos não compartilhavam nível de dedicação de Crowe com a qualidade, porque, se o fizessem, nós teríamos uma melhor filme em nossas mãos do que este sub-par bagunça. |0
O filme parecia um pouco lento no início. |0
Mas pegou velocidade e foi direto ao ponto. |1
Ele mostrou exatamente como o governo eo cientista argumentou para a humanidade e as razões do aparelho. |1
Eu gostei. |1
Tenho recomendado para amigos. |1
Fiquei particularmente satisfeito com a capacidade agindo de Dwight Schultz. |1
Ambos os atores realmente entender e tornar-se seu caráter particular, entregando uma convincente, o desempenho sincero. |1
A química na tela, fundamental para todo o filme, é genuína. |1
O diálogo do filme é natural, verdadeiro para a vida. |1
O escritor, Gorman Bechard, sem dúvida, fez sua lição de casa, porque todas as referências são a indústria e caráter-idade apropriada. |1
A trilha sonora incrível realmente capta a essência do filme. |1
sentimento cada faixa comandos, na verdade, contribuindo para as cenas e personagens. |1
Definitivamente vale a pena ver|1
é o tipo de pensamento provocando filme que obriga a questionar seu próprio limite de solidão. |1
filme mais recente e oitavo de Hayao Miyazaki para Studio Ghibili, Gake No Ue no Ponyo (Ponyo on the Cliff by the Sea) é um maravilhosamente olhar divertido e imaginativo na infância. |1
Numa altura em que parece que cinema de animação tem sido dominado por obras-primas CGI da Disney / Pixar, é tanto refrescante e reconfortante saber que Miyazaki ainda está contando com animação tradicional feito à mão para contar suas histórias encantadoras e encantadoras. |1
Suficiente não pode ser dito da animação notável neste filme. |1
O estilo de arte tem a aparência de desenhos da infância / lápis e é maravilhosamente colorido e fantasioso. |1
Se você agir de tal filme, você deve estar feliz que você vai afastar-se da terra, tanto quanto possível! |0
Isto se quer navegar na pequena onda de filmes espaciais em 1998 (Deep Impact e Armageddon), e este falhar em todos os lugares. |0
Se você ainda não se engasgou em seu próprio vômito até o final (por todo o drama barato e diálogo inútil) que você deve ter furado-se à morte com este desperdício de tempo. |0
Ainda assim, faz-se de tudo isso com um super terminando que retrata uma grande embarcação mar sendo retirados pelo poderoso geada. |1
Basta considerar o excelente história, atuação sólida e visual do filme como bônus adicionados. |1
Em vez disso, temos um furo fest sobre um whiny, babysitting criança mimada. |0
Então eu assisti-lo novamente dois domingos atrás (20 de março, 2005) e eu comecei a realmente apreciá-lo e desta vez eu gravei a coisa toda. |1
É uma TV Movie muito bem atuado e feito. |1
Judith Light é uma das minhas atrizes favoritas e eu acho que ela faz um excelente trabalho neste filme! |1
Eu continuo assistindo mais e mais. |1
É um filme triste, mas muito bom. |1
Se você ainda não viu este filme, eu definitivamente recomendo! |1
Ela é tão linda, como de costume, este cutie! |1
Ainda é bastante interessante e divertido de seguir. |1
;) Recomendar com confiança! |1
Este filme é bem equilibrado com comédia e drama e eu desfrutamos eu. |1
Foi um tumulto para ver Hugo Weaving desempenham um vendedor gay imobiliário obcecado por sexo que usa casas de seus clientes para os seus encontros com o Darren flamejante (Tom Hollander). |1
:) De qualquer forma, a trama fluiu sem problemas e as cenas macho-ligação foram uma buzina. |1
A seqüência de esta jóia de abertura é um clássico, e os jogos de gato n rato que se seguem são uma delícia de assistir. |1
Os fãs do gênero estarão no céu. |1
Lange tornou-se uma grande atriz. |1
Parecia uma história maravilhosa. |1
Eu nunca saí de um filme mais rápido. |0
Eu só fiquei entediado assistindo Jessice Lange tirar a roupa! |0
Infelizmente, alguma virtude no trabalho de produção deste filme foi perdido em um roteiro lamentável. |0
Em uma palavra, é embaraçoso. |0
Excepcionalmente mau! |0
Todos em toda a sua um insulto à inteligência de um e um enorme desperdício de dinheiro. |0
