texto,sentimento
muito muito lento filme rumo jovem angustiado deriva,0
certeza perdido personagens planas público quase metade quais saiu,0
tentativa artiness ângulos câmera preto branco inteligente filme desapontado tornou-se ainda ridículo atuação fraca enredo linhas quase inexistente,0
pouco música coisa falar,0
melhor cena filme gerardo tentando encontrar música correndo cabeça,1
resto filme carece arte encanto significa vazio funciona acho vazio,0
desperdiçado horas,0
viu filme hoje esforço bom boas mensagens crianças,1
pouco previsível,0
adorei fundição jimmy buffet professor ciências,1
bebê adorável,1
filme mostrou monte florida melhor fez pareça atraente,1
canções melhores muppets tão hilariante,1
tão legal,1
filme direito caso oferece quase rosto,1
ator média pessoa principal baixo orçamento ver claramente,0
revisão atrasada considero tale of two sisters ser único maior filme feito,1
colocar jóia filme roteiro cinematografia atuação pós-produção edição direção aspecto cinema,1
praticamente perfeito verdadeira obra-prima mar obras falsas,1
estrutura filme facilmente firmemente construído história cinema,1
consigo pensar filme algo vital importância ocorre minuto,1
palavras nível conteúdo filme suficiente facilmente preencher filmes,1
perfeito juízo pedir filme,1
simplesmente forma elevada superlativo imagináveis ​​cinema,1
sim filme requer quantidade bastante significativa quebra-cabeças peças encaixam criar bela imagem,1
curta-metragem certamente faz rodeios,0
gráficos longe ser melhor parte jogo,0
número melhor jogo th série,1
merece amor forte,1
jogo louco,1
níveis enormes enormes personagens desbloqueáveis apenas jogo enorme,1
desperdice dinheiro jogo,1
tipo dinheiro desperdiçado corretamente,1
verdade gráficos bons momento,1
hoje gráficos porcaria,0
dizem canadá jogo divertido sim,1
jogo rochas,1
comprá-lo tocá-lo apreciá-lo amá-lo,1
puro brilho,1
movimento condenado concepção,0
própria idéia coxo tomar personagem secundário medíocre pg-13 filmes fazer não-sequela completa mudar filme família pg-rated,0
pouco interessado,0
apenas confirmam filme graça genérico conseguiu dar filme exagerando momento ponto trama piada contada trailer,0
apenas engraçado,0
talentoso carrell salvar,0
colegas elenco saem melhor pessoas morgan freeman jonah hill ed helms apenas desperdiçados,0
história si apenas previsível preguiçoso,0
trabalho efeitos real presença animais bem integração pessoas cenas piores trabalho azul tela verde vi,0
custou tanto traduzem qualidade certo,0
filme sucesso apesar talvez causa orçamento obviamente insuficiente,1
contente filme ir escolha óbvia filme menor certamente teria,1
além ter canções lindas escritas french cancan possui bonitos protagonistas nunca enfeitar tela,1
difícil cair cabeça-sobre-saltos amor garota,1
negativo bastante insípida causa arrependimento horas vida desperdiçados frente tela,0
longo chorosa sentido,0
recomendo espera esforços futuros vez,0
excelente elenco enredo performances,1
totalmente crível,1
anne heche absolutamente convincente,1
retrato entusiasmado marinha sam shepard decepcionante,1
sat preso tela tv,1
apesar dar presente ressoando,1
acho tom hanks ator,1
gostava ler livro filhos pequenos,1
decepcionado filme,0
personagem totalmente irritante voz dá sensação unhas quadro,0
cena russa totalmente desnecessário rolo,0
havia absolutamente calor charme cenas personagens,0
filme irrita totalmente nervos,0
performances melhoradas improvisação atores têm agora vezes preocupar entregando linha bem linha si bom,0
sinceramente vezes bom,0
vezes diálogo realmente siga linha outra encaixam arredores,0
explode energia imprevisível jovem honestamente achei difícil seguir concentrar serpenteia tão mal,0
geralmente grandes coisas,1
diria valem horas tempo entanto,0
construtores suspense apenas cruzar linha,1
gostei especialmente escolhas não-clichê pais filmes prever diálogo íntegra escrita filme feito melhores seleções,1
quer filme bruto calafrios ótima escolha,1
alexander nevsky grande filme,1
artista filme incrível importante viveu,1
feliz peça pretensiosa s planejado tiros dodge stratus grandes vai fabricantes ajuda filmes negócio filme contido québec,0
primeiro filme dado,1
vez filme precisava boca-a-boca promover,1
geral filme interessante instigante,1
além bem tranqüilo adequado tempo execução relativamente curto,1
dar olhar,1
vento leão bem escrito bem atuado,1
verdadeiro clássico,1
verdade ser bastante decente tanto quanto lista horror filmes suspense ir,1
definitivamente vale pena conferir,1
problema script,0
horrível,0
havia crível,0
único suspense sentindo frustração quão retardado meninas estavam,0
maná filme fantástico tempo previsíveis imprevisíveis tempo,1
cenas vezes engraçado ocasionalmente tocando personagens avaliar vidas onde indo,1
elenco atores veteranos apenas viagem nostalgia,1
retrato freira ursula burton tempo comovente engraçado tempo tirando sarro freiras igreja,1
procura filme elenco fantástico boa música incluindo versão shirley jones the way elevação fim dar presente tentativa,1
acho ficar desapontado,1
francamente clube algodão unfaithful espécie embaraçoso assistir lane gere filme ruim,0
atuação ruim diálogos extremamente superficial insincera,0
previsível chick flick,0
politicamente correto,0
decepcionante,0
única coisa realmente vale pena assistir cenário casa bonito,1
amo pista nunca vi filme mau,0
hora meia gostaria poder trazer volta,0
termos escrita fresca negrito,1
atuação ajuda escrita dão bem talvez irmã idiota-savant jogado melhor verdadeira alegria assistir,1
direção cinematografia tão bons,0
filme tão chato vezes encontrei-me ocupado pico papel vez assistir nunca aconteceu filme columbo antes,0
vezes tão embaraçoso desviar olhar,0
direção parece demasiado pretensioso,0
cenas oh-so-amadurecer vizinho menina misplace,0
geralmente linhas enredo fraco episódio média,0
então cena debatido demitir trompetista falsamente acusado assassinato puro horror realmente estúpido,0
aplausos dada prelúdio entanto,1
realmente gostei,1
grande filme grande diretor,1
filme tinha-lo borda assento fez-lhe medo ir carro final noite,1
música filme bom também,1
aconselho ir vê-lo,1
brilhante,1
10/10,1
gostei maneira filme muito,1
único problema pensei ator interpreta vilão aluguel baixo michael ironside,0
balançou mundo certamente ver saídas sociais físicas,1
entanto fez fato geral filme tremendamente chato,0
havia química ben affleck sandra filme conseguia entender consideraria deixando esposa-a-ser garota supostamente nocauteado,0
momentos filme simplesmente precisa estar lá dolorosamente lentos,0
remake pobre melhores amigos,0
grande decepção,0
acreditar atores concordaram fazer filme,0
estar vê-lo tempo medo perder qi,0
acho rede ar drible assisti-lo antes colocá-lo,0
classificações imdb única ir tão baixo horrível hora obter números negativos lá casos estes,0
vi mirrormask ontem noite experiência insatisfatória,0
infelizmente inexperiência direção significava cena cena passou pouco forma tensão dramática conflito,0
temas centrais filme tratados ineptly estereotipada profundidade imaginação,0
fotos bonitas mundo fazer-se peça trabalho falho núcleo,0
hora meia desperdício tempo seguindo monte bonito estudantes ensino médio chorar vida,0
relacionar inferno mal consegue entendê-los,0
definitivamente clássico cult vale bem visualização partilha outros,1
filme desastre puro história estúpido edição pior visto confunde incrivelmente,0
peixe mal feita fotos subaquáticas repetidos milhares vezes filme,0
verdadeiramente verdadeiramente mau filme,0
atuação terrível escrita pior,0
única maneira possível filme resgatado tão mst3k forragem,0
paguei muito,0
além verdadeiro deleite ver anthony quinn jogo crazy,1
tão chato,0
enredo,0
novamente parcela,0
horrível,0
hora meia vida deus,0
sair teatro minutos apenas obter alívio,0
odeio filmes,0
sim filme praticamente sugado,0
enredo storyline,0
ver filme trazer travesseiro namorada namorado mantê-lo ocupado fora,0
horrível,0
acho ido filme gostava tanto,0
coisa boa bilhetes custam apenas louco pago us ver porcaria,0
identifica personagens recortes papelão estereótipos previsivelmente reversa estereótipos,0
filme ruim má escrita bons atores desenho feio trabalhada paul haggis pessoas lidar coisa pinceladas ousadas narrativa quadro pintado lápis cor,0
bater pouco deprimente provoca emoção ensina-lhe sabe racismo eo preconceito coisas ruins,0
ainda assim gosto filme empoderamento mulheres filmes suficientes lá,1
cérebro tentar shut-down parte impulso primitivo auto-preservação,0
ficou abalada experiência assistir filme dei boa horas recuperar totalmente,0
filme agora junta revenge of the boogeyman zombiez parte trindade infernal filmes terror,0
certamente quero dizer distinção bom caminho,0
quero dizer maneira terrível,0
filme características redentoras,0
terrível,0
artless câmera trabalho infinitamente apresenta feio imagináveis ​​configuração,0
história além estúpido,0
roteiro péssimo script,0
crianças irritantes,0
homem chumbo livre carisma,0
totalmente mérito nível semelhante tortura,0
dizer novo tortura,0
talvez explicação razoável atrocidade,0
viagem agradável auto-descoberta,0
altamente unrecommended,0
som estúpido é,0
sim assim tão mau,0
recomendar,0
excelente desempenho sra garbo mostrou logo cara talento transitar silenciosa queria ver trabalho silencioso netflix ser armazená-los,1
ver renomado roteirista silenciosa frances marion perdeu passo silêncio som,1
filme sofreu causa escrita precisava suspense,0
havia close-ups,0
diferente filme arrastar heróis realmente trabalho liberdade,0
filme definitivamente renda abaixo média,0
adorar,1
filme ruim,0
tão ruim,0
filme caminho longo,0
definitivamente maus,0
filme grande filme qualidade idade,1
john wayne fez trabalho incrível ser tão jovem indústria cinema,1
presença tela brilhou pensou atores seniores tela,1
acho ver antigo filme john wayne,1
realmente vejo apreciar filme,0
acho vi meia filme tão chato peça auto-indulgente lixo,0
provavelmente sido melhor diretor passado maior parte filme apresentando própria obra arte realmente tão notável,0
coisa realmente gosto personagem levou soco rosto galão sangue vomitar logo depois,0
jamie foxx absolutamente charles,1
desempenho simplesmente genial,1
dono filme assim spacek propriedade filha mineiro carvão quaid propriedade great balls of fire,1
verdade difícil lembrar parte ray charles deliberado jogado próprio homem,1
ray charles lendária,1
vida charles forneceu excelente material biográfico filme além ser apenas filme músico,1
hitchcock grande diretor,1
ironicamente principalmente encontrar filmes total desperdício tempo assistir,0
lugar hitchcock praticamente aperfeiçoou suspense filme perseguição,1
pandering público sabotagens filmes,0
aí história carece energia,0
enredo simplesmente burburinhos máquina desesperadamente dependendo adição novas cenas,0
existem habituais falhas lógicas hitchcock,0
mishima extremamente desinteressante,0
fria filme normal autor estar trabalhar frio abstrusa cultura,0
reconstituições planas prenda atenção emocionalmente deriva stagy,0
resto fica lá ser terrível soldados cantando músicas masculinidade comprometem hairsplitting pureza admiração espadas etc,0
aborrecê-lo pedaços matar ímpeto filme rápido pessoa,0
feito resumo completo mau filmes amadores,0
assisti filme adorei,1
totalmente fascinado música dança,1
entanto recentemente assisti coisa novamente dvd completamente impressionado forma extremamente estúpido enredo continha buracos inconsistências francamente monte porcaria horrível dança era,0
quero dizer mundo realista nunca chegado repertório ballet coisa bastante patético,0
desenvolvimentos caráter faltava profundidade,0
woa conversa horrível,0
perca tempo,0
horrível,0
diálogo pior sappiest continuar,0
realmente feitas unwatchable direção,0
atores pobres,0
sequer dizer têm talento têm linhas patéticas falar diretor deu ação,0
verificar filme diretor site ver filme chance,0
bom feito filme,0
boas intenções fez grande filme então filme ser maiores filmes feitos,1
filme grandes atores diretor mestre tema importante menos suposto tema significativo tom cinquenta existencial cansaço mundo cenas aéreas emocionado sentidos imaginação personagens profundamente importa,1
infelizmente filme falha,0
filme carece interesse visual drama expressão sentimento celebração patriotismo sublinha narrativa,0
atriz pior usadas junho allison filme,0
entanto gosto vê-lo,1
infelizmente filme ruim apenas má simples,0
roteiro ruim mau direção atuação horrível fazem mau liso,0
diálogo sugado,0
cinematografia-se chamado assim-sugado,0
trilha sonora sugado,0
atuação sugado,0
seqüências concertos apenas sugou,0
legal,1
engraçado,1
tão engraçado,1
geral filme lixo barato,0
filme engraçado considerando ridículo,0
i sentindo raiva,0
spoilers quer pode dito superfície soberbamente trabalhada,1
cinematografia simplesmente deslumbrante dizer eo fx state-of-the-art,1
conceitualmente mostra oferece tudo-e praticamente pais crianças fantasia fãs,1
havia única nota azedo atingiu agindo-sábio tampouco elenco surpreendentemente sólido aqui,1
considerado trabalho bem feito,1
graças bom filme feito liberado,1
melhores filmes mexicana sempre menos compreendidas mexicana importa quão identificou sentido,1
ocupa lugar destacado grande noir-crime-drama performances incríveis belmondo lino ventura,1
atenção dada personagem retratos psicológicos complexos detalhando lealdade traição amor esperança tremendas,1
excelente drama excelente suspense excelente filme,1
lá melhor melville,1
filme simplesmente incrível,1
realmente aproveitar viagem através olhos alma criança,1
água preta thriller consegue transcender completamente limitações filme indie subverter continuamente expectativas emergir experiência intensa,1
performances reais emocionante extremamente bem feito fato site water acreditado usaram crocs reais localização pântano fabuloso,1
desfrutamos christopher eccleston assumiu controle continuação série,1
certeza tentando fazer filme,0
transformar sentimento bom dia noite memórias perturbadoras acho conseguiu,0
monte lugares bonitos,1
forçado filme,0
vez coxo,0
aqui onde filme realmente pi ed fora,0
sequer fale camerawork jerky,0
vi teatro pensei ficar doente,0
resumo chistes espirituoso,0
trama bem disse deixar passar,0
atuação ruim,0
ruim,0
billy bob subir acima script pior,0
camerawork novamente ruim,0
avaliação out of,0
final incrível possivelmente melhor trilogia tempos,1
kieslowski nunca deixa surpreender,1
diretores favoritos maioria diretores talentosos cinema,1
uso cores bandeira francesa nada menos incrível tiro cena obra arte,1
visualmente atraentes vi,1
conexões sutis impressionantes,1
falar grande spoiler amei final personagens sobreviventes desastre balsa valentine eo jovem juiz juntos velho vê-lo tv solidificando felicidade sofrimento lidou anos,1
conseguia pensar maneira terminar filme sorriso rosto ótima maneira encerrar filme incrível trilogia,1
recomendo ama filme filmes coisa obra arte,1
filme trilogia,1
literalmente vomitou enquanto assistir filme,0
acho pessoas encontraram pérolas roth,1
desempenho premiado impressionante,1
história contada forma tão eloquente francis ford coppola antes realmente desenrola gradualmente sala folhas personagens desenvolver,1
local maravilhoso encontra-se história contraste,1
filme dirigido bonita roeg nicola wih elenco sublime,1
traduzindo filmes vida primeiro filme experiência trabalho achei ofensiva inteligência,0
esforça grandeza poesia oferece história confusa vezes ridículo monte cenas diferentes diálogo pretensioso então começa pior tipo filme usuário definido precisão pretensioso porcaria,0
acham filme inteligente magistral dizer inteligência imaginação obviamente usado tentar fazer sentido tentativa lamentável é natureza humana tentar fazer sentido coisas,0
coisa tolerar incorreção política bem liberdade artística suspensão descrença personagem feminina eslava demais,0
tão divertido filme engraçado,1
altamente entreter ângulos,1
apresenta matriz estranha porcas marcantes psicóticas amáveis,1
então prazer vê-los correr jogar jogos ser perigoso,1
ainda momentos doces,1
homem reparação telefone engraçado reações patrão nozes mal-intencionado verdadeiramente genuíno,1
personagens filme tremendamente bem jogado,1
realmente encontrá-los engraçado,1
realmente filme inteligente,1
brilhante final torção,1
amo,1
final tão tão perfeita derramar lágrima,1
tão excitado ver filme,1
nunca esquecer agora,1
apenas culto clássico cult,1
profundidade caráter homem debaixo,0
configurações malta tão seco tão estéril diálogo,0
filme terrível,0
cenas hóquei terríveis jogando idade goleiros mergulho tiros largura rede etc,0
ainda viu perca tempo,0
chamar filme drama ridículo,0
começou assistir acreditava personagens,0
particular relação assistente padaria garçonete simplesmente funciona mim,0
filme superficial deu sensação assistindo jogo filme,0
personagens teatral história parecida farsa palco,0
momento piromaníaco waylaid assistente entediado aconteceu seguida então desligado,0
feliz pagar ver,0
rir sorrir vez,0
nada apenas grande bocejo,0
realmente bom show assistir,1
educativo crianças idade,1
barney definitivamente super-de duper,1
engraçado,1
babie bop bonito,1
crianças legal também,1
storm trooper sequer ruim torná-lo lista filmes maravilhosamente terríveis,0
apenas coxo,0
cara disse melhor diálogo vasos plantas direito,0
filme estúpido,0
ama filmes ruins assistir filme,0
vergonhoso,0
quero dar série televisão pudesse,1
escritores bem acho melhores atores atrizes bônus personagens show.these tão real,1
dizer gravado maioria episódios encontro-me observá-los vez,1
agora sabe,1
sei exatamente filme agarrou filme cativante tornou-se parte especial memórias família,1
total absolutamente recomendar filme gosta bons filmes família saudável exatamente,1
coisas crianças metem absolutamente hilariante assistir,1
melhores filmes lá fora mostra forte vínculo irmão outro,1
interessante ação suspense menos controvérsia desnecessária,1
atuar cinematografia sólido,1
definitivamente vale pena conferir,1
damian tão talentoso versátil tantas maneiras escrever interpretar personagens tela,1
filme aresta corte ela,1
tão contente saber moderno gênio dia lá fora deixando paixão arte levá-lo tomar-nos audiência,1
novos personagens tão memorável encontrei-me esquecendo,0
senti irlanda fez absolutamente seja,0
fez medo horrorizado fazer-me solidário personagens simplesmente irritante,0
movimentos câmera bruscos irritante,0
enredo praticamente horror barato,0
tentativas patéticas dar personagens profundidade deu resto trama,0
acho ser toque inteligente seguida lançar luz situação simplesmente estúpido,0
vê-lo provavelmente apenas deixá-lo prateleira,0
elias koteas jack palance papéis jogar bem angelina quente fica drago aparece legal costume + cameo sven thorsen ajuda tornar filme agradável boa atuação orçamento decente,1
filme tão impressionante ebay,1
realmente amei linha história urso poler pergunta fort steele basta perguntar afastado,1
filme totalmente graça tão cima patético irrealista tortura absoluta provavelmente olhou relógio vezes,0
lucy bell maior afundar baixa bastante deprimente,0
filme faz deixá-lo doente assistindo folgados dar desculpas ações estúpidas,0
deus nunca obter volta,0
acho peças maravilhosas maioria literalmente cheio trechos obras,1
conjuntos especialmente projetado trabalhar câmera incrível estilizado bonito eficaz,1
usados ​​como exemplos designer set,1
histórias explorações poderosos natureza homem arte,1
assistir filme queria aprender obras artista,1
recomendo filme pessoa interessada arte poesia teatro política história japonesa,1
aqui vento leão vemos rendição maravilhosa própria idade imperial américa,1
torna história diferente valores produção fabulosa fotografia impecável composição edição elenco fantástico subvalorizado brian keith jogando valentão teddy história viva,1
vento leão contada grande parte através olhos filho membro família identificar-se personagens bandido nobre sean connery heroína mal-humorada candice bergen john huston astuto john hay steve kanaly spiffy radiante implacável can-do tenente roosevelt,1
grande aventura melhor,1
acho ryans melhor filme retratou alguém pai esquizofrênico vida real pai nunca matou ninguém afetada segunda guerra mundial fez pior,1
ter humor sobreviver passar dia tão apt,1
mãe irmão fazer vi ryan retratar tipo homem boa imitação tipo indivíduo impressionado,1
quase músicas cover girl antiquado melodioso,0
coisa irritante cover girl maneira rita hayworth colocado pedestal,0
infelizmente cover girl exemplo hollywood usada explorar mulheres ganho financeiro,0
narração não-linear assim flashbacks partes articulam bem,1
boa fotografia faz monica bellucci bonita,1
bom comentário amor hoje dúvida pena filme vendo,1
pessoas iniciantes cinema acho fizeram excelente trabalho,1
popular cinema boa casa boas reações muitas risadas,1
filme bem-estar assim senti cinema,1
humor norte positiva comunidade representa,1
prefiro gostei,1
gostei,1
poderia levá-los sério,0
realmente criado sensação única,1
vivian schilling fez excelente trabalho script,1
mundo melhor lixo cinemas hoje,1
papel jogado bem,1
screamy masculino apenas direita,1
câmera realmente gosta filme,1
escalado papel pronto roteiro,1
europeu filme bom retrocesso tempo estudante década experiências vivem exterior interagir nacionalidades circunstâncias ligeiramente diferentes,1
fã filme sugado realmente ruim,0
ainda pior ticker,0
filme ruim,0
apenas utilizados par locais talvez & poor hummh,0
explodiu,0
filme excelente angel linda scamp adorável pequenos gritos hes scared partes engraçadas quando preso cortina angel cantando nunca sensação before.i recomendo totalmente filme vinda edição especial cobertura junho 20.o scamp lata lixo angel debaixo tampa,1
explicar filme romântico charmoso divertido adorable.the cenas ferro-velho engraçados cães ferro-velho ter special.too engraçado ri crianças adorar it.buy-lo sai novas características,1
agora escolhidos torturado peça nojento propaganda americano flagrante,0
show feito americanos estúpido cheio ódio clichês admitido lugar,0
quase envolvidos retorno escola agir totalmente previsível ruim script pilha lixo,0
gostaria poder entrar valores negativos administradores,0
conjuntos tão ruins pareceria lugar episódio thunderbirds,0
uso câmera lenta desnecessariamente repete longo filme bem apoiada atuação ruim ruim palavra amável aqui continuidade cenas jogados razão veículos feitas partir caixa flocos milho estilo direção beirava estupidez,0
oh sim enredo patético também,0
odeio escrever comentários ruins filmes especialmente realmente gosto estrela filme tão ruim acredito sido orgulhoso,0
cineasta diretor gostaria esconder cabeça areia passado quantidade tempo dinheiro filme,0
suma desperdício monumental tempo energia recomendo ninguém ver nunca filme,0
veio livre leitor dvd comprei ainda virou coisa meio envergonhado howell,0
1/10 definição,0
premissa interessante billy drago sempre bom perigoso porca-bag nota lateral adoraria ver drago mchattie filme juntos falar furiosa maçãs rosto,1
trilha sonora terrível um,1
atuação profissionais drago debbie rochon terrível dirigir pior talvez contribui primeiro chimpanzé-like trabalho câmera diálogo apenas tolerável,0
ainda assim jogos grande escala oy-vey,1
sim simplificando coisas aqui prol brevidade realmente cerne problemas filme coisa acontecendo real cumprindo explicação,0
fazem bons empregos bastante divertido,1
trama complicada apenas convenceu grande parte filme assistido olhar interrogativo estranho,0
deixei namorada talk-me ver má idéia odiava,0
últimos filme ruins também,1
bela lugosi totalmente estranho intoning linhas ímpares,0
atuação decididamente madeira filme época universal b.,0
armand assante & resumo empresa cabo pareceu interessante então assisti-lo vezes provavelmente novamente,1
acredito roteirista fez bom trabalho amarrar pontas soltas,1
pontuação 8/10 principalmente enredo,1
dizer gosto então quero ser acredito filme vale pena tempo,1
uau filme ruim,0
assustador mínimo difícil compreensão,0
enredo ficar juntos qualidade absolutamente chocante,0
bom valor acampamento,0
esperando material oscar,0
ter qi molusco particularmente estúpido ver vinda,0
filme uso palavra vagamente insulto público ir cinema,0
apenas envolvido soube encadear narrativa,0
fica simplesmente baixa,0
tenho assisti-lo recentemente fox movie channel decepcionado,0
sei jogador contrato pouco controle roteiros atuação tão ruim quanto script,0
victor mclaglen ruim brian donlevy quase irreconhecível,0
considerando relações tela taylor stanwyck surpreendente quão pouco química havia tela,0
premissa filme tão ridículo presidente eua,0
cenas corredor morte totalmente imóvel,0
única coisa pior atuação taylor canto stanwyck,0
produtor indo perdeu completamente,0
fiquei profundamente impressionado personagem interpretou,1
sabia vi filme grandes coisas partir talentoso ator,1
filme roubo barato triste má caracterização estóico estilo underbite emoting acho chow yun fat tomorrow clichês queijo atirado fábrica abandonada pronto mal executados voando rolos judô john woo,0
squibs horrível,0
momento processo remotamente américa,0
trama está então derivado previsível final matança mercê,0
diálogo terrível exagero desesperada receberem topo rematar verdadeiro desperdício espaço tempo,0
desconfortável quão ruim filme foi assustou todos,0
diálogo composta coisas fazem pouco sentido,0
cerca imagens desperdiçado mostrar atores idosos medíocres desajeitadamente balbuciando overwrought pseudo-satânico jargão piegas suficiente fazer adolescente goth blush quase sempre olde inglês vezes latim feitas palavras,0
direção desleixado melhor hipóteses,0
escrita banal certamente ainda pior má direção,0
claro qualidade blah,0
atuação elenco colocado escala perfeitamente equilibrado exagerando underacting,0
finalmente chegamos final sido ótimo sido tratado pessoas competentes jerry falwell,0
amei filme grande retrato família quota altos baixo-lo final sabiam amor especial outro,1
visto filmes estrelado jaclyn smith deus melhores saiu,1
filme continha elenco estrelas amei abriu olhos ver atores visto antes,1
filme espécie longa duração gostei minuto,1
taxa global filme escala 1-10,1
lifetime ar-la suficiente então sabe vende-lo deixe-me saber must-have,1
lembro-me especialmente sentidos agredido cabos estridentes música iria blare pouco aviso ainda menos significado,0
exatamente tipo pap exibido período tarde punir desempregados ter emprego,0
totalmente diferente cargas eufemismo humor get filme ver lembrar,1
filme cria próprio universo fascinante sentidos,1
filme realmente mim,1
veja,1
realmente espero equipe trás filme faz filmes continuar fazê-lo próprio estilo meio estranho,1
esqueci fundição aqui soberbo trond fausa aurvåg ser perfeito papel homem bothersome entende onde está fazendo,1
filme comentário bom bem-humorado vida,1
mover bonita agradável edificante,1
inicialmente sites locais filme filmado aqui buffalo intrigou,1
tarde encontrei-me perdido poder filme,1
público aplaudiu final filme,1
teatro cadência passo alegria coração esperança raça humana,1
duris aparência saudável dá bom desempenho,1
resto elenco jogar bem,1
cinematografia notável incluindo belas vistas barcelona famosas torres gaudi,1
cerca filme segundos pensamentos,0
meio filme comecei gostar,0
filme acabou gostava desprezava,0
filme roteiro convincente,0
roteiro parece apenas rascunho escrito tiroteio começou antes roteiro final concluída,0
coisas acontecem mudança personagens personalidades reviravoltas ocorrer razão real além chamadas script,0
elenco bom,1
vale pena conferir,1
provavelmente show irritante vi vida,0
indescritível show chato idiota vi,0
apenas ruim,0
conseguia entender tipo idiota produzir bagunça primeiro lugar mencionar temporada,0
roteiro ruim ruim contém piada antiético normalmente vê nominal filme nc-17,0
elenco horrível vê actors realmente ruim período,0
palavra final show verdadeira tortura,0
zilhão vezes longe realidade,0
assistindo twirling máquina lavar roupa torno ferir olhos tanto quanto show,0
rating grau z nota show tão ruim elenco puxe filha show,0
century fox road house apenas bom noir bobagem furo absoluto implausível filme,0
cheio personagens papelão pouco convincentes suavemente escrito edward chodorov produziu surpreendentemente dirigido jean negulesco esperar mais,0
partir aqui caráter voltas widmark involuntariamente cômicos,0
perdendo juízo tão cedo processo totalmente implausível pouco convincente,0
confusão filme imagem marcado uso constante aparelhos exteriores interiores,0
solicitado documentário,0
spoilers graves filme enorme decepção,0
problemas onde começar,0
elenco ótimo,1
steve martin oferece desempenho engraçado classe superior meia-idade cara branco tenso,1
adicionar betty jean smart grande elenco desempenharam peças bem,1
filme faz monte erros graves,0
primeiro existem estereótipos raciais piadas raciais ofender,0
filme cheio insultos raciais evidentes elenco preto troca brancos retratados idiotas mamas,0
colocando carta raça parte olhar grande falha filme destroem caráter latifa,0
conspiração real,0
tomaria ver filme novamente forma gratuita,0
vapor willie filme incrivelmente importante história cinema,1
segunda aparição mickey mouse seguindo plano silenciosa louco início ano provavelmente famoso filme principalmente tão inovador,1
enquanto ainda ouvir mickey falar toneladas efeitos sonoros música longo filme concedido agora enorme prazer,1
entanto ver curto novamente cerca espantado forma atemporal filme realmente é,1
simplesmente adorável vendo mickey jogo the straw forma altamente imaginativa ocasionalmente cruel,1
inteligente multidão-pleaser verdadeiro filme ainda melhores filmes mickey maravilhosos,1
bipolaridade matador implacável minuto assassino implacável minuto seguinte comercial luv convincente completamente,0
terrivelmente decepcionado filme receberia prêmios elogios especialmente obras merecedoras filme lá fora,0
corpo original soul obra-prima,1
john garfield anne revere lilli plmer william conrad canadá lee filmado maiores cineastas sempre graça screen james wong howe,1
acho existem qualidades redentoras remake,0
ser único mau filme fez,0
tão ruim bem ruim,0
filme sólido exemplo enredo ruim muito má ideia caminho,0
vergonha ver bons atores thomerson ganhar vida confusão,0
pensei,0
filmes terríveis crédito versão 1986 assistível,0
começar problemas atuação especialmente professor chumbo muito ruim,0
roteiro grande confusão falho,0
melhor exemplo mudo escrita estabelecido transformar zumbis-alunos volta seres humanos através remoção colar contendo pedaço meteorito,0
diretor paul matthews escreveu dirigiu fraco filme monstro 1995 grim claramente sabe andar filmes,0
filme terrivelmente chato lugares,0
iluminação horrível,0
filme parece barato graça,0
aspectos decepcionantes falta notável gore,0
convenção nunca funcionou bem passado certamente funciona aqui,0
efeitos visuais horrível,0
seqüência abertura espaço criado microsoft slideshow amor,0
explosão reservatórios gás final tão horrível,0
ok gosto considerar crítico justo então dar crédito onde crédito devido efeitos criaturas realmente legal,1
conseguiu amar closes viscoso babando dentes,1
resumir filme breeders terrível filme terror feito barata evitados vírus ebola,0
recomendado,0
quase insuportável assistir tela pouco carisma terrível timing cômico,0
além terrível chumbo filme infinidade débitos,0
entendo suposto ser comédia pipoca barato significa insultar completamente inteligência escrito tão incrivelmente faz fronteira ofensiva,0
considerável talento lewis black desperdiçado aqui também desenfreada classificação pg-13 certamente permitir,0
único ponto brilhante filme jonah hill ficar quase irreconhecível fãs recente superbad devido quantidade peso perdeu ínterim,1
originalidade frescor primeiro filme passou remake pouco oferecer,0
orçamento evidentemente limitado,0
refletiu elenco script abaixo-par emprestado início clássico,0
entanto aqui havia decente atuação ação local trabalho equilibrar coisas,0
filmiing menos expansivo,0
conseguiu transmitir ampla extensão paisagens grande parte original,0
geralmente apenas carecido imaginação,0
recomendado,0
possível filme ficar pior,0
enredo aqui mantê-lo primeiro lugar,0
mulheres finalmente aparecer sinais melhoria coisas esperados acontecer tempo filme longo sono,0
cuidado filme cult trashy lixo -period,0
acreditar sequer sequela,0
precisamente dando-lhe revisão ruim,0
ser criança anos realmente show dizer orgulho grande tempo ainda caricaturas clássicos,1
tiny toons manteve vibração anos entregou populares desenhos animados engraçado subestimado criados,1
memórias obscuras dizer episódio produto relacionado show,1
facilmente banda desenhada fez rir forma suave antes entrar sitcoms escuras orientados adolescentes,1
personagens engraçado peculiaridade ter verdadeiro personagem principal,1
personagem hilariante merecia chamado chumbo,1
elemento história tão cima falso excessivamente artificial doloroso sentar-se através,0
linhas escrito idade tentando tão tão difícil som realmente hum sabe bem falar,0
perabo nível energia agradável é obviamente confortável frente câmera,1
simplesmente desculpa mal feito,0
vi filme filme estúpido,0
ainda estúpido pensado idéia haver vulcão,0
ser honesto absurdo inacreditável tolo,0
conclusão preocupar filme vulcão disparate,0
enredo simplesmente horrível,0
apenas doloroso,0
acentos absolutamente abismal,0
hipocrisia suficiente filme fazer vomitar,0
desperdice tempo assistindo filme não-pesquisado lixo,0
acredito pitch black bem feito,1
personagens interessantes quiser saber tempo filme passa acho pessoas surpreender faz fazê-lo,1
vê-lo,1
omitir vendo,0
engraçado,1
classificação apenas,0
personagens interessantes realmente importa,1
clássico instantâneo grande banda sonora canção cativante créditos finais,1
perca,1
peça magistral produção filmes temas fervendo ocasionalmente fervendo verrugas estudo boêmia poeta anos tempo guerra auto-indulgente abrangem bombardeios aéreos londres exterior tranquilidade retiro costeira welsh fronteiras amizade desejo amor dedicação arte experiência interesses práticos ciúme rivalidade covardia egoísmo heroísmo auto-sacrifício mais,1
amadurecer roteiro sutil sugere ocasionalmente traz foco dramática tensões subjacentes bem servida performances perfeitas além estranha inapropriado sorrindo keira propenso talvez direção vez personagens vezes mencionam,1
acima composição visual requintado momento uso inventivo elegante close-up ângulo câmera iluminação incluindo pointillistic faux filme caseiro metragem maravilha alegria olhos,1
continuamente bonito olhar bertolucci relações aqui convincentes narrativa envolvente trabalho mestre,1
premissa básica desperdiçado vez afastado foco inexplicável equipe documentário,0
independentemente filme falha maioria níveis,0
evitar custo,0
vi filme natal grande filme era,1
pensei errol flynn brilhante custer então tornou ator favorito,1
atuação lado olivia havilland brilhante final fantástico,1
sempre soube errol flynn ator brilhante pais ator favorito cresci assistindo filmes criança,1
assisti filme percebi quão grande realmente era,1
dar filme,1
sei jim oconnor enérgico ser tanto quanto george bem monótona,0
realmente querer ser hospedagem voz-overs monótonas envolveu convidados,0
thriller encantador hitchcock nice travessuras torno espião assassinado criança sequestrada igreja desagradável trama estrangeira taxidermistas aleatórios,1
jimmy stewart sempre grande herói hitchcock história rasga junto clímax legal função embaixada falta-lhe ameaça ninhada preto branco original baixo orçamento hitchcock,1
ainda entanto filme maravilhoso estável grande mestre,1
dizer filme excelentemente produzida tops classificações filme típico sci,1
excelentemente produzido melhores produtores sci-fi scot vandiver,1
divertido entanto,1
exagerado filme alegria assistir,1
apenas momento chato filme abundância peças humorísticas,1
elenco sempre divertido costume,1
geral delícia,1
filme tão mente-bendingly terrível criado,0
filme carece sustos reais tensão terminologia médica usada pouco duvidoso dizer mínimo & dizer diabético insulino-dependente mim,0
menos dito agir melhor,0
filme faz excelente trabalho revelar complexidade tarefa desafios incríveis enfrentam áfrica sul,1
acredito ver filme acho pessoas áfrica sul passado tentada processo verdade reconciliação,1
nada menos magnífico fotografia cinema filme,1
qualidade fantástica histórias perfeitamente entrelaçados cães esplêndidos alugar visão ver,1
medo legendas vale aversão terapia,1
excelente desempenho,1
ainda bons atores todas,1
excelente direção fotografia,1
fiel shakespear must fãs shakespear,1
macbeth jason connery monólogo final fora breve vela fora deu esfera decadência escuras forças morais rosto humano torna ainda interessante,1
helen baxendale senhora credível macbeth ser cheerfull vezes vezes parece apenas garota malvada mortal gosto sangue mal,1
ama letras shakespears morte decadência única,1
espirituoso adaptação deliciosa livro dr seuss brilhantemente animado melhor upa completamente merecedora oscar,1
menção especial feita partitura música efeitos sonoros excelentes elemento integral ajudar fazer memorável cartoon agradável,1
entanto paul schrader fato fez filme mishima excelente & complexa,1
notável bem nítido john bailey lindamente cinematografia colorido grande projeto produção figurinos eiko ishioka passou fazer figurinos memoráveis ​​para drácula coppola recebeu oscar merecido,1
tendo conta valores produção pobres época 1971 formato espécie mini-série baaaaaad,0
menos apenas visualmente collect filmes existentes obra austen ignorar,0
fizer vê-lo entanto existem pequenas consolações atrizes jogar irmãs anne fazer trabalho maravilhoso papéis,1
falando música insuportavelmente previsível kitchy,0
seguida filme deixou bola cair,0
filme deslumbrante,1
raw movimento sublime,1
parecia peça teatro inteligente emocionante sentimento excessivamente teatral realmente fica assistir pessoas palco desempenha terror mentira branca escalada consequências monstruosas,1
principais fascinantes,1
tom quebrou coração final julgar quantidade desastrado lenços mãos indo rostos homens mulheres igualmente,1
julian fellowes triunfou novamente,1
tesouro nacional,1
vá veja,1
excelente filme,1
cenas aéreas bem-feito,1
equilíbrio guerra amor,1
filme dá significado frase nunca história conflito humano tanta sido devido poucos,1
kris bom filme realmente faz diferença,1
bom filme grande diretor,1
definitivamente melhores documentários vi olhando relações familiares casamento,1
erros continuidade usuário comentou carros diferentes garagem copos joe fato configuração pêlos faciais joe pareceu mudar cena cena,0
apenas grande filme,1
estrelas,1
ver filme ser inspiração pessoa sair superar medo rejeição,0
tão ruim realmente vale pena ver apenas motivo,0
punishment park brilhante peça cinema,1
tiro deserto sul califórnia usando estilo falso documentário patente watkins cria filme outro,1
peter watkins filmes acessíveis,1
aconselho olhar,1
arrepender,1
altamente recomendado +,1
bem pensando ruim,0
peça medíocre miserável oca risível previsível lixo,0
tão ruim risível,0
mau desempenho desempenha angela bennett especialista computadores casa tempo,0
filme apenas pretexto mostrar cenas ação ridículas,0
quão terrível é,0
ainda má atriz repetindo movimentos faciais robóticos fotos,0
resultados bem vergonha,0
apagar filme mente,0
piores apresentações tempos,0
show começaria espertinho ed comentários totalmente parede desnecessário,0
computador geek gordura inacreditável batedor bíblia menina mau-burro atores,0
nunca ouvi falar nenhum cole totalmente inacreditável peça,0
vez abriu boca espera ouvir vê crianças puxar plugue matança misericórdia espectáculo horrível,0
histórias tão inacreditável quanto atores,0
lame melhor maneira descrevê-lo,0
stanwyck morgan perfeitamente escalado é aspectos equivalente moderno dickens christmas carol sensibilidade,1
sucesso filme depende fundição sydney greenstreet personagem alexander yardley,1
conjunto atraente usado maior parte filme jóia olho-agradável,1
im grande jogos rpg também filme desgraça rpger preze existe,0
linhas cortes áudio errado,0
encontrar melhores filmes youtube,0
linha superior desperdice tempo dinheiro presente tão ruim quanto trata,0
filme lassie posto dormir sempre,0
assim descreveria perda tempo dolorosamente triste filme,0
tão aspectos torna maçante bagunça desinteressante filmes esquecíveis vi,0
sequer conquista filme é-memoráveis ​​tão ruim,0
casca vazia oca filme,0
sério vale pena desperdiçar tempo filho diante,0
evite evite evite,0
latindo louco,0
transferências bons,1
agradável relaxante visualização tarde noite,1
filme cheio dança maravilhosa aí título,1
boa música excelente paisagem,1
lida problemas difíceis dignidade graça claro chocando saqueador aqui,1
feliz maravilhoso sensação final,1
ponto viagem viagem toca membro família,1
filmes preciso ver sempre vem tv importa fato memorizado,1
novo lá,0
feito filme,0
filme quase cenas ação pouco comédia,0
trama furos meias arrastão direcção edição surpreendentemente presunto punhos,0
terra irons fazendo filme,0
vi filme recomendo,1
bom enredo mantém atenção completa qualidade excelente fantástico emily watson bom,1
filme bom verdade grande incondicional amor,1
personagem homem preparado provação prestes começar leva assunto avanços história grande ator dá desempenho faz sentir angústia sofrimento personagem,1
personagem emily watson forte apenas dar rápida olhada entende,1
apesar panelas usuários gostei filme,1
verdade gostei melhor entrevista vampiro lestat stuart townsend melhor tentativa cruise,1
aailiyah bom bonito akasha lugares atraentes primeira entrada cena mini-dança,1
grande fã série principalmente devido estilo sensibilidades tratamentos anne rice,1
acho gostei detalhes disfunção crível,1
cenas futebol final desconcertante,0
pensei atuação hábil,1
meredith melhor bem,1
filme charmoso sentimento coração maravilhoso,1
raro cineasta toma tempo contar conto moral digna cuidado amor caia armadilha ser excessivamente xaroposo indulgente,1
verdadeiramente encantador filme,1
filme cedo futuro goremeister lucio fulci adição boa sub-gênero giallo,1
melhores thrillers italianos início anos,1
cena destaque,1
cena forte desagradável,0
tecnicamente filme bem feito impressionante trabalho câmera atuação sólida música eficaz particularmente bom vocal feminino desacompanhada recorrente soa vindo colina distante,1
ainda material selvagem altamente recomendado fãs giallo,1
filme interessante começo fim,1
gostei forma personagem dustin hoffman pronto fazer quase ficar filho,1
filme revelador,1
pessoalmente acho mostra pessoas aprender encontrar compromisso auto-los envolver pessoas questão,1
chato,0
tão cansado clichês apenas escrita preguiçoso aqui vêm grosso rápido,0
única cena filme legal personagem central encontra quarto explodido,1
fresco sutil efeito bastante sublime,1
revisor italiano chamou pequena grande filme certo,1
atores dar desempenho maravilhoso especialmente jennifer rubin jamie harris muda partir starlet nervoso início através estranhos acontecimentos faz parte estrela legal,1
aprende real dentro emoções pessoas filme próprio negócio cinema,1
filme situações cinema início através jogo jogado treinador agindo fascinantes,1
música mark snow possivelmente melhor pontuação ouvi,1
esquecer filme,1
filme feito,0
filme olhar ultra-barato,0
resultado filme simplesmente parece certo,0
envolvente emocionante,0
enredo absurdo interessa pouco maneira ter exclusividade,0
estrangeiro vale tempo,0
vi criança costas tv 1973 the stranger adorei,1
dueto astronauta médico início filme troca perfeita considera filme feito bem guerra maior medo astronauta caiu urss,1
filme tão incrível,1
adorei realmente assustador,1
amo filmes gritar filmes terror fileiras caminho lá,1
quiser verdadeiro susto alugar,1
10/10,1
filme extraordinário,1
drama tribunal atraente acusação sistema justiça americano assustador,1
filme destaca falhas fundamentais processo legal descoberta culpa inocência sim apresenta tribunal,1
filme bem ritmado melhores documentários tribunal vi,1
drama principalmente rotina tv baseada fatos recebe impulso desempenho bem cole,1
previsível má relógio,1
ficou claro alcance capacidade retirar parte,1
carrega poço filme,1
constantino dá intensidade certa ter boa compreensão motivações psicológicas subjacentes,1
maravilhoso inspirador assistir espero fica liberado novamente vídeo dvd,1
pedaço lixo nunca lançado além atuação história personagens efeitos supostamente especiais etc errado,0
verdade stinker cheira liberação direct-to-video,0
evitar custos,0
star trek v the final frontier pior série,0
atuação envolvidos inclui shatner nimoy ruim lavado fazendo pareçam tão antiga olham vida real efeitos especiais brega spock resgatar kirk cai baixo montanha,0
tentativas humor patético história tão dosent pensamento urso basicamente envolve vulcan roubando enterprise encontrar sério apenas importava cinema mencionar uhura faz dança ventre distrair guardas sexo masculino,0
único lugar bom filme lixo,0
série,0
editar edição filme fenomenal opinião,1
música explicar emoções indivíduos melhores vida infeliz jay adams assunto conversa canção neil young tocada evoca emoções,1
fotografia filme filmado maneira interessante,1
claro imagens anos granulada aumentou filme,1
filme oferece delícias surpresas,1
achille philippa lindamente cantar dueto giovanni descreve perfeitamente situação filme aprecia camadas sutis excelente filme,1
desdobra história século jutlândia uso música período jogado instrumentos época apenas toque fino,1
compartilha alegria requintado general loewenhielm participação cailles apenas assistindo filme desejo apenas pequena amostra saborear,1
discreto folhas cinema impressão duradoura,1
calor gera contraste pano fundo austero,1
sair cinema querendo sair dançar estrelas,1
atuação esperar elenco top linha,1
personagens aprofundados surpreendentemente bem particularmente grimes blake atores entregar linhas acentuadamente script apenas quantidade língua inexpressivo rosto fazer diálogo tanto hilariante realista,1
angus scrimm transforma bom desempenho pouco breve papel memorável delicadamente ameaçador anatomista-tocando violino doctor quinn,1
conclusão adorei,1
longo tempo tão entretidos filme,1
luta encontrar ruim dizer,1
marque palavras cult evil dead phantasm pessoas ainda descobrindo apaixonando 20 baixo linha,1
bastante surpreendente filme maravilhoso feito hollywood geralmente cabeças coletivas areia questões preto branco época,1
filme merece elogios fortes tomar posição ter atuação excepcional elenco maioria menos conhecido script super-inteligente insulta público tomar caminho fácil trata racismo branco,1
além orçamento bastante modesto filme rápido tempo execução faz trabalho incrível,1
juano hernandez ator excepcional interpretou papéis filmes época suporte homem orgulhoso preto acusado assassinar homem branco sul,1
trumbull lucy,1
veja-o filhos chance abrir diálogo surpreendente quão longe relações raciais últimos,1
ver puder,1
ano entanto lembrou huston ainda topo jogo evidenciado fiel adaptação romance aclamado james the dead,1
sentimentos pensamentos desconforto gabriel dança intangíveis saltar vida chegar alcance espectador retrato huston,1
decepcionado estar lista oscar,0
lento,0
monte buracos trama tornou imperador onde gastar infância idade adulta,0
desperdice tempo,0
dias piores filmes ação grande orçamento vi,0
certamente sabe fazer filme ação coerente roteirista air one obrigado escrever roteiro apenas grande soma dinheiro,0
piores filmes vi,0
ainda tentando superar ruim era,0
filme é possivelmente obras criativas horror nunca,1
querer suspense drama comédia subtramas confuso nativos americanos comer cérebro procurando ser-end-todos filmes brainsucking procure mais,1
efeitos sonoros grandes efeitos especiais impressionantes recomendar filme,1
porca acho melhores filmes sempre,1
grandes caráter telly savalas peter boyle,1
hora puro tédio melodrama agir horrível bagunça script sentimento afundamento bom deus pensando,0
buracos roteiro,0
filme ruim horas tv,0
agora imagine decisões feito errado,0
diálogo atroz,0
qualidade além abismal,0
fede,0
problema escrever dirigir tornam impossível estabelecer coisas fazem watchable filme caráter história tema assim diante,0
pior sub-trama incrivelmente fraco jogado segue pequeno grupo mansonites últimos repórter trabalhando reportagem aniversário assassinatos,0
idiota sentido completa perda tempo,0
suma incomodam filme,0
desperdiçá-la terminando bastante surpreendente,1
melhor cena filme final desperdiçá-la,1
vez indicação escritor capacidade diretor fundir altamente voláteis união perfeita criatividade então,1
resultado realização potência fez oportuna agora talvez causa perturbar fascínio cultura celebridade interpretações distorcidas fama,1
filme facilmente esquecido,1
kevin spacey excelente tsunami verbal buddy ackerman totalmente crível grande ator,1
script comédia sutil inigualável filme últimos,1
personagens interessantes pouco previsível,1
altamente recomendado idades jovens provavelmente apreciar referências sutis certamente apreciar cena galley particular,1
filme,1
história agir fracos,0
volta 16:00 comprei volta comecei assistir volta 20:15 rápido transmitiu filme restante ver havia coisa assistível ser humano cérebro havia,0
maneira porcaria,0
roteiro terrivelmente estúpido,0
história começa rápido absolutamente suspense mínima,0
capitão howdy diz risível simplesmente estúpido,0
raio merda,0
então enredo buracos,0
dirigir caminhão buracos,0
linda cardellini única coisa boa filme,1
equilibrado surpreendente,1
dee snider simplesmente porcaria,0
agir vilões assustadores vi write escreveu filme maldito sono,0
entediado longo maldita coisa,0
atuação suga música porcaria script porcaria ritmo porcaria fx especial chupar direção porcaria basicamente filme porcaria,0
filme tenta ser sério sofisticado suspense filme terror falhar miseravelmente,0
provavelmente filmes menos eficazes totalmente banal vi vida,0
pedaço lixo cinematográfico capturada celulóide,0
evitar custo,0
forma fede cinema engraçado fulci ficado giallo filmes zumbis sobrenaturais,0
evitar filme custo,0
sei aconteceu quinta temporada confusão,0
rosca única consistente segurando série performances surpreendentes leni parker anita laselva taelons conflito idealogical tranquila,0
agora filme realmente gosto,0
filmes chato terror anos principalmente começa lento centros ambiente chato,0
bonecos olhar realmente brega bom caminho filmes anos puppet master,0
história coxo interessante nunca realmente explica origens sinistras bonecos,0
cenas morte filmes anteriores f terríveis,0
dormindo vez assisti-lo recomendá-lo insones,0
fato filme maravilhoso reconfortante conto pessoas perseguindo sonhos,1
melhor parte enfermeira betty imprevisibilidade,1
diretor neil labute usa violência brutal sonhos separados realidade drama comovente hilariante comédia nunca dizer acontecer seguir,1
contrário sequer desperdiçar tempo,0
apenas criar suspense real,0
assassino espere originais remotamente assustadora,0
há entanto boa atuação menos filme,1
sinto muito realmente recomendo ninguém,0
chatas filmes sentido vi,0
linha trama secundário incompreensível relação linha trama primária mistificante,0
odiava,0
piores filmes sandra bullock speed ​​2 tão ruim,0
entendo lixo prateleiras loja filme filme real,0
duvido podia assim lixo,0
criação filme,0
atuação assistir bonecos madeira movimento redor leitura livro ruim,0
então aqui avisá-lo filme coisa estúpida nunca viu,0
vi filme curto hbo dia absolutamente entes,1
percebi maravilhoso curto realmente últimas cenas,1
excelente curta-metragem,1
felizmente diretor james cox transformar curta longa-metragem elenco ganhar-nos filme totalmente novo,1
concordo jessica filme ruim,0
personagens unidimensionais bons especialmente bandidos,0
enredo totalmente previsível,0
diálogo música filme rodado tão elaborada esteticamente escultura,1
vi novelas inteligentes filme,0
caracteres mau mau história atuação ruim,0
realmente terrível,0
fácil assistir,0
engraçado inteligente hip assim filme anterior pray hype,1
longo período tempo ver ator tão carismático tela,1
paolo sorrentino escrito história maravilhosa solidão tony construiu inesquecíveis personagens vistos filmes últimos,1
filme perfeito completamente titta di girolamo ficar longo tempo visão filme,1
tarifa filme,1
sei estréia direção emilio estevez ritmo interação desenvolvimento personagens bem trabalho câmera inteligente torno caráter estevez joga sugere olhar natural,1
interação martin emilio contém química maravilhosa wall street martin charlie,1
kathy bates maravilhoso personagens desespero sutil escapismo variação personagem brincando campos senhor,1
leitores viram filmes miyazaki ainda melhor forma fez experiência válida,1
nunca condescende personagens têm bons corações genuínas problemas verossímeis,1
principais ser crianças crível vi colocar tela,1
tão fáceis ainda fácil identificar,1
filme grande especialmente gosta artes visuais,1
paisagem filhas pintura fotografia lindas,1
história engraçado comovente vezes,1
pessoas gostam filmes europeus filmes arte gostar filme,1
verdadeiramente filme arte realmente monte arte,1
alugá-la,1
entanto finalmente assistir filme percebi tido mente fechada brilho retrata encontrei-me vê-lo vez,1
único filme nunca deixa interessa simplesmente mantém alerta tento tentar decifrá-la significados,1
brilliance fato,1
gostou filmes ainda melhor seqüelas acho apreciar pensamento provocando mindblowing experiência filme dar,1
pense filme ser sonho,1
simplesmente lindo,1
rickman stowe desempenhar funções máximo conto escritor livro crianças who-- talvez escreveu trato subversivo,1
divertimento gloriosamente rápido representação bastante precisa noite raver,1
apresenta retrato idílico ainda grave altos baixos vida personagens,1
apenas faça fizer evitar sulco antítese bom tráfico humano,0
ruim envolvidos compartilhavam nível dedicação crowe qualidade fizessem melhor filme mãos sub-par bagunça,0
filme parecia pouco lento início,0
pegou velocidade direto ponto,1
mostrou exatamente governo eo cientista argumentou humanidade razões aparelho,1
gostei,1
recomendado amigos,1
fiquei particularmente satisfeito capacidade agindo dwight schultz,1
atores realmente entender tornar-se caráter particular entregando convincente desempenho sincero,1
química tela fundamental filme genuína,1
diálogo filme natural verdadeiro vida,1
escritor gorman bechard dúvida fez lição casa referências indústria caráter-idade apropriada,1
trilha sonora incrível realmente capta essência filme,1
sentimento faixa comandos verdade contribuindo cenas personagens,1
definitivamente vale pena ver,1
pensamento provocando filme obriga questionar próprio limite solidão,1
filme recente oitavo hayao miyazaki studio ghibili gake ponyo ponyo on the cliff the sea maravilhosamente olhar divertido imaginativo infância,1
altura parece cinema animação sido dominado obras-primas cgi disney pixar tanto refrescante reconfortante saber miyazaki ainda contando animação tradicional feito mão contar histórias encantadoras encantadoras,1
suficiente dito animação notável filme,1
estilo arte aparência desenhos infância lápis maravilhosamente colorido fantasioso,1
agir filme estar feliz afastar-se terra quanto,0
quer navegar pequena onda filmes espaciais deep falhar lugares,0
ainda engasgou próprio vômito final drama barato diálogo inútil ter furado-se morte desperdício tempo,0
ainda assim faz-se super terminando retrata grande embarcação mar retirados poderoso geada,1
basta considerar excelente história atuação sólida visual filme bônus adicionados,1
vez furo fest whiny babysitting criança mimada,0
então assisti-lo novamente atrás março comecei realmente apreciá-lo vez gravei coisa,1
tv movie bem atuado feito,1
judith light atrizes favoritas acho faz excelente trabalho filme,1
assistindo mais,1
filme triste bom,1
ainda viu filme definitivamente recomendo,1
tão linda costume cutie,1
ainda bastante interessante divertido seguir,1
recomendar confiança,1
filme bem equilibrado comédia drama desfrutamos,1
tumulto ver weaving desempenham vendedor gay imobiliário obcecado sexo usa casas clientes encontros darren flamejante tom,1
forma trama fluiu problemas cenas macho-ligação buzina,1
seqüência jóia abertura clássico jogos gato rato seguem delícia assistir,1
fãs gênero estarão céu,1
tornou-se grande atriz,1
parecia história maravilhosa,1
nunca filme rápido,0
entediado assistindo jessice lange tirar roupa,0
infelizmente virtude trabalho produção filme perdido roteiro lamentável,0
palavra embaraçoso,0
excepcionalmente mau,0
insulto inteligência enorme desperdício dinheiro,0
